user_id,item_id,playcount,timestamp
U000085,I000410,37,2022-01-01 03:05:00
U000068,I000439,67,2022-01-01 05:30:00
U000004,I000087,24,2022-01-01 05:45:00
U000035,I000434,74,2022-01-01 11:16:00
U000008,I000157,40,2022-01-01 13:14:00
U000001,I000265,41,2022-01-01 20:33:00
U000095,I000301,65,2022-01-01 23:32:00
U000008,I000278,90,2022-01-02 00:52:00
U000042,I000475,77,2022-01-02 01:08:00
U000033,I000420,54,2022-01-02 09:45:00
U000069,I000185,62,2022-01-02 13:04:00
U000036,I000496,80,2022-01-02 15:42:00
U000032,I000054,12,2022-01-02 17:08:00
U000003,I000499,62,2022-01-02 20:28:00
U000078,I000016,25,2022-01-02 22:16:00
U000045,I000345,93,2022-01-03 08:03:00
U000034,I000146,39,2022-01-03 09:21:00
U000024,I000220,35,2022-01-03 10:06:00
U000044,I000470,77,2022-01-03 11:08:00
U000002,I000132,62,2022-01-03 11:53:00
U000056,I000005,23,2022-01-03 13:17:00
U000042,I000141,24,2022-01-03 14:22:00
U000068,I000336,90,2022-01-03 14:30:00
U000020,I000106,56,2022-01-03 15:27:00
U000067,I000294,92,2022-01-03 15:57:00
U000058,I000265,8,2022-01-03 16:54:00
U000080,I000285,58,2022-01-03 18:27:00
U000079,I000410,60,2022-01-03 20:34:00
U000027,I000304,23,2022-01-04 00:13:00
U000022,I000090,67,2022-01-04 05:44:00
U000034,I000226,44,2022-01-04 06:36:00
U000021,I000313,31,2022-01-04 17:19:00
U000037,I000265,79,2022-01-04 18:39:00
U000077,I000220,54,2022-01-04 23:18:00
U000003,I000304,34,2022-01-05 09:16:00
U000050,I000374,45,2022-01-05 09:53:00
U000036,I000461,1,2022-01-05 13:31:00
U000030,I000263,21,2022-01-05 14:39:00
U000008,I000223,23,2022-01-05 15:08:00
U000038,I000294,38,2022-01-05 19:25:00
U000062,I000426,3,2022-01-05 20:55:00
U000005,I000310,10,2022-01-05 21:35:00
U000008,I000048,38,2022-01-05 22:54:00
U000003,I000439,3,2022-01-06 03:41:00
U000064,I000035,38,2022-01-06 03:53:00
U000046,I000295,93,2022-01-06 06:19:00
U000096,I000167,50,2022-01-06 07:31:00
U000032,I000154,45,2022-01-06 08:38:00
U000067,I000363,61,2022-01-06 16:02:00
U000013,I000323,17,2022-01-06 16:33:00
U000090,I000078,78,2022-01-06 18:33:00
U000047,I000146,13,2022-01-06 18:54:00
U000020,I000222,2,2022-01-07 00:30:00
U000028,I000345,19,2022-01-07 03:51:00
U000033,I000231,16,2022-01-07 08:31:00
U000007,I000417,77,2022-01-07 10:01:00
U000000,I000439,33,2022-01-07 11:42:00
U000007,I000358,91,2022-01-07 12:39:00
U000004,I000192,41,2022-01-07 15:55:00
U000016,I000265,79,2022-01-07 19:34:00
U000085,I000186,72,2022-01-07 23:31:00
U000008,I000154,16,2022-01-08 01:06:00
U000033,I000141,6,2022-01-08 04:53:00
U000076,I000333,48,2022-01-08 08:59:00
U000056,I000056,51,2022-01-08 09:00:00
U000035,I000288,92,2022-01-08 09:31:00
U000077,I000323,79,2022-01-08 10:58:00
U000029,I000470,58,2022-01-08 13:28:00
U000014,I000345,18,2022-01-08 22:29:00
U000072,I000301,75,2022-01-09 02:43:00
U000024,I000172,92,2022-01-09 03:58:00
U000088,I000441,69,2022-01-09 06:03:00
U000084,I000318,38,2022-01-09 08:59:00
U000070,I000010,15,2022-01-09 10:31:00
U000099,I000215,22,2022-01-09 11:01:00
U000029,I000026,16,2022-01-09 20:33:00
U000023,I000231,34,2022-01-09 21:06:00
U000053,I000237,76,2022-01-09 22:26:00
U000024,I000170,15,2022-01-09 22:27:00
U000006,I000258,9,2022-01-10 01:18:00
U000013,I000015,79,2022-01-10 05:05:00
U000074,I000068,60,2022-01-10 11:25:00
U000006,I000018,24,2022-01-10 14:45:00
U000064,I000496,16,2022-01-10 17:53:00
U000078,I000167,36,2022-01-10 20:53:00
U000088,I000146,23,2022-01-10 21:41:00
U000089,I000010,14,2022-01-11 01:32:00
U000068,I000258,88,2022-01-11 01:43:00
U000028,I000019,97,2022-01-11 03:51:00
U000031,I000042,48,2022-01-11 05:10:00
U000096,I000413,57,2022-01-11 07:58:00
U000071,I000281,92,2022-01-11 08:45:00
U000050,I000163,15,2022-01-11 10:37:00
U000014,I000317,2,2022-01-11 13:44:00
U000089,I000227,14,2022-01-11 13:50:00
U000069,I000433,54,2022-01-11 23:07:00
U000036,I000264,64,2022-01-12 00:04:00
U000049,I000078,72,2022-01-12 02:53:00
U000080,I000258,71,2022-01-12 03:44:00
U000077,I000203,71,2022-01-12 08:45:00
U000022,I000459,53,2022-01-12 19:35:00
U000071,I000363,13,2022-01-13 04:32:00
U000022,I000390,67,2022-01-13 04:45:00
U000002,I000372,72,2022-01-13 11:11:00
U000051,I000220,73,2022-01-13 14:45:00
U000071,I000153,13,2022-01-13 22:47:00
U000008,I000253,79,2022-01-14 03:04:00
U000084,I000068,2,2022-01-14 13:40:00
U000001,I000410,82,2022-01-14 20:54:00
U000085,I000333,18,2022-01-15 04:57:00
U000098,I000345,41,2022-01-15 06:55:00
U000003,I000079,21,2022-01-15 07:37:00
U000049,I000016,99,2022-01-15 11:20:00
U000005,I000167,25,2022-01-15 15:36:00
U000088,I000010,34,2022-01-15 16:36:00
U000038,I000472,28,2022-01-15 21:00:00
U000094,I000455,28,2022-01-15 23:34:00
U000097,I000310,66,2022-01-16 00:30:00
U000094,I000180,32,2022-01-16 07:19:00
U000094,I000364,5,2022-01-16 08:51:00
U000092,I000215,23,2022-01-16 11:09:00
U000058,I000130,61,2022-01-16 13:51:00
U000069,I000146,32,2022-01-16 16:32:00
U000017,I000441,90,2022-01-16 16:48:00
U000006,I000267,28,2022-01-16 20:45:00
U000038,I000054,35,2022-01-16 21:02:00
U000092,I000167,18,2022-01-17 00:32:00
U000032,I000358,20,2022-01-17 01:29:00
U000044,I000146,73,2022-01-17 02:23:00
U000065,I000026,32,2022-01-17 06:14:00
U000090,I000270,2,2022-01-17 18:14:00
U000062,I000061,8,2022-01-17 21:19:00
U000045,I000141,93,2022-01-18 04:49:00
U000012,I000410,86,2022-01-18 06:05:00
U000040,I000417,8,2022-01-18 09:15:00
U000060,I000383,3,2022-01-18 09:39:00
U000011,I000067,11,2022-01-18 14:46:00
U000043,I000173,10,2022-01-18 17:24:00
U000039,I000304,55,2022-01-19 01:21:00
U000058,I000410,46,2022-01-19 02:22:00
U000069,I000167,95,2022-01-19 04:39:00
U000087,I000459,31,2022-01-19 05:08:00
U000092,I000443,32,2022-01-19 05:16:00
U000023,I000323,71,2022-01-19 12:46:00
U000025,I000130,99,2022-01-19 17:50:00
U000065,I000167,65,2022-01-19 20:02:00
U000019,I000311,41,2022-01-20 01:24:00
U000039,I000381,52,2022-01-20 04:10:00
U000090,I000475,26,2022-01-20 06:52:00
U000056,I000186,20,2022-01-20 07:20:00
U000039,I000353,69,2022-01-20 08:50:00
U000023,I000341,66,2022-01-20 14:32:00
U000099,I000212,68,2022-01-20 14:59:00
U000026,I000366,71,2022-01-20 19:17:00
U000041,I000364,2,2022-01-21 04:03:00
U000084,I000424,31,2022-01-21 04:57:00
U000040,I000435,9,2022-01-21 08:47:00
U000060,I000068,58,2022-01-21 10:50:00
U000052,I000192,75,2022-01-21 13:38:00
U000038,I000265,5,2022-01-21 18:18:00
U000095,I000295,15,2022-01-21 19:02:00
U000042,I000426,66,2022-01-21 21:42:00
U000005,I000439,50,2022-01-22 00:50:00
U000090,I000431,62,2022-01-22 01:45:00
U000053,I000441,5,2022-01-22 09:05:00
U000058,I000093,76,2022-01-22 10:34:00
U000037,I000048,59,2022-01-22 10:41:00
U000016,I000322,84,2022-01-22 11:26:00
U000023,I000273,43,2022-01-22 13:13:00
U000052,I000231,100,2022-01-22 16:12:00
U000001,I000099,84,2022-01-22 16:55:00
U000098,I000293,6,2022-01-22 21:04:00
U000098,I000100,38,2022-01-23 02:55:00
U000038,I000047,24,2022-01-23 08:38:00
U000052,I000425,18,2022-01-23 08:39:00
U000093,I000044,4,2022-01-23 09:13:00
U000039,I000036,57,2022-01-23 10:10:00
U000050,I000441,71,2022-01-23 11:34:00
U000095,I000233,2,2022-01-23 19:37:00
U000036,I000206,23,2022-01-24 01:10:00
U000031,I000079,54,2022-01-24 01:31:00
U000099,I000284,36,2022-01-24 04:17:00
U000006,I000215,87,2022-01-24 06:02:00
U000088,I000185,35,2022-01-24 08:13:00
U000060,I000263,88,2022-01-24 08:23:00
U000010,I000180,41,2022-01-24 09:24:00
U000045,I000382,74,2022-01-24 10:02:00
U000066,I000267,1,2022-01-24 13:48:00
U000000,I000035,64,2022-01-24 15:31:00
U000070,I000410,12,2022-01-25 05:03:00
U000002,I000435,46,2022-01-25 08:06:00
U000023,I000159,7,2022-01-25 08:11:00
U000045,I000010,2,2022-01-25 16:55:00
U000077,I000395,21,2022-01-26 04:31:00
U000091,I000465,54,2022-01-26 06:52:00
U000058,I000470,79,2022-01-26 07:41:00
U000019,I000453,39,2022-01-26 08:07:00
U000062,I000303,44,2022-01-26 09:38:00
U000096,I000459,49,2022-01-26 11:08:00
U000022,I000055,36,2022-01-26 15:05:00
U000019,I000253,95,2022-01-26 15:30:00
U000017,I000438,98,2022-01-26 23:46:00
U000090,I000368,37,2022-01-27 01:54:00
U000006,I000327,45,2022-01-27 05:33:00
U000045,I000323,57,2022-01-27 18:04:00
U000085,I000054,34,2022-01-27 20:23:00
U000075,I000233,95,2022-01-27 21:01:00
U000041,I000139,11,2022-01-28 01:00:00
U000018,I000146,48,2022-01-28 01:29:00
U000068,I000310,11,2022-01-28 05:45:00
U000035,I000437,73,2022-01-28 08:08:00
U000095,I000267,13,2022-01-29 00:16:00
U000068,I000394,36,2022-01-29 00:45:00
U000000,I000130,93,2022-01-29 08:00:00
U000057,I000351,53,2022-01-29 10:14:00
U000097,I000410,62,2022-01-29 15:11:00
U000091,I000358,77,2022-01-29 20:38:00
U000088,I000115,97,2022-01-30 02:17:00
U000005,I000450,14,2022-01-30 02:51:00
U000072,I000214,54,2022-01-30 05:33:00
U000056,I000176,24,2022-01-30 08:12:00
U000092,I000350,100,2022-01-30 10:45:00
U000072,I000368,80,2022-01-30 11:35:00
U000040,I000020,65,2022-01-30 14:18:00
U000079,I000192,4,2022-01-30 19:00:00
U000075,I000450,36,2022-01-30 20:26:00
U000068,I000167,85,2022-01-31 03:50:00
U000081,I000113,11,2022-01-31 04:50:00
U000065,I000186,15,2022-01-31 08:31:00
U000037,I000192,71,2022-01-31 12:55:00
U000088,I000394,89,2022-01-31 16:25:00
U000028,I000093,18,2022-01-31 17:39:00
U000006,I000236,1,2022-02-01 00:55:00
U000036,I000047,9,2022-02-01 02:39:00
U000082,I000237,87,2022-02-01 06:53:00
U000063,I000054,29,2022-02-01 13:10:00
U000099,I000265,63,2022-02-01 17:56:00
U000014,I000374,69,2022-02-01 18:00:00
U000084,I000410,73,2022-02-01 19:48:00
U000062,I000438,25,2022-02-02 05:26:00
U000022,I000068,58,2022-02-02 16:14:00
U000020,I000378,70,2022-02-02 16:29:00
U000060,I000364,56,2022-02-02 17:01:00
U000014,I000016,31,2022-02-02 20:22:00
U000088,I000141,75,2022-02-03 11:29:00
U000067,I000359,100,2022-02-03 12:46:00
U000009,I000172,80,2022-02-03 13:55:00
U000016,I000229,30,2022-02-03 15:37:00
U000054,I000141,3,2022-02-03 16:34:00
U000026,I000390,89,2022-02-03 19:07:00
U000063,I000281,64,2022-02-03 22:53:00
U000079,I000106,55,2022-02-04 00:10:00
U000050,I000494,59,2022-02-04 05:37:00
U000026,I000438,26,2022-02-04 07:08:00
U000089,I000378,87,2022-02-04 18:15:00
U000031,I000321,97,2022-02-04 23:35:00
U000051,I000413,79,2022-02-05 01:37:00
U000005,I000215,8,2022-02-05 02:29:00
U000026,I000070,42,2022-02-05 16:38:00
U000094,I000265,95,2022-02-05 18:57:00
U000033,I000439,46,2022-02-05 19:09:00
U000018,I000132,57,2022-02-05 23:13:00
U000019,I000163,47,2022-02-06 03:50:00
U000002,I000482,68,2022-02-06 04:26:00
U000086,I000047,57,2022-02-06 05:57:00
U000032,I000141,2,2022-02-06 18:07:00
U000093,I000016,27,2022-02-06 18:58:00
U000007,I000067,27,2022-02-07 01:43:00
U000073,I000359,76,2022-02-07 04:55:00
U000072,I000444,78,2022-02-07 06:56:00
U000016,I000363,25,2022-02-07 07:32:00
U000084,I000146,28,2022-02-07 09:11:00
U000083,I000093,91,2022-02-07 15:08:00
U000063,I000065,79,2022-02-07 15:55:00
U000018,I000390,98,2022-02-07 18:50:00
U000001,I000313,95,2022-02-08 03:52:00
U000028,I000265,36,2022-02-08 05:27:00
U000046,I000192,16,2022-02-08 05:53:00
U000094,I000345,58,2022-02-08 18:02:00
U000040,I000303,64,2022-02-08 19:15:00
U000059,I000227,5,2022-02-08 20:06:00
U000001,I000117,69,2022-02-08 20:20:00
U000039,I000093,29,2022-02-09 05:08:00
U000045,I000146,90,2022-02-09 05:10:00
U000075,I000441,41,2022-02-09 05:38:00
U000057,I000373,39,2022-02-09 10:05:00
U000019,I000465,83,2022-02-09 18:56:00
U000097,I000305,76,2022-02-09 18:57:00
U000062,I000130,61,2022-02-09 20:29:00
U000056,I000078,32,2022-02-09 20:57:00
U000028,I000495,84,2022-02-09 21:37:00
U000009,I000397,50,2022-02-09 21:48:00
U000042,I000303,55,2022-02-09 22:33:00
U000030,I000433,78,2022-02-10 00:26:00
U000020,I000217,49,2022-02-10 04:48:00
U000026,I000378,55,2022-02-10 05:29:00
U000003,I000459,95,2022-02-10 13:19:00
U000004,I000176,49,2022-02-10 16:19:00
U000008,I000000,85,2022-02-10 17:09:00
U000045,I000448,46,2022-02-10 18:24:00
U000021,I000173,88,2022-02-10 19:43:00
U000038,I000448,4,2022-02-10 22:51:00
U000035,I000433,87,2022-02-10 23:30:00
U000047,I000345,84,2022-02-11 03:33:00
U000021,I000146,12,2022-02-11 05:20:00
U000071,I000090,98,2022-02-11 06:43:00
U000077,I000047,61,2022-02-11 17:06:00
U000072,I000265,68,2022-02-11 22:37:00
U000035,I000130,90,2022-02-12 07:50:00
U000091,I000323,65,2022-02-12 09:08:00
U000013,I000345,70,2022-02-12 16:34:00
U000012,I000364,75,2022-02-13 02:57:00
U000031,I000054,46,2022-02-13 03:53:00
U000066,I000420,72,2022-02-13 04:21:00
U000031,I000358,55,2022-02-13 06:57:00
U000018,I000435,32,2022-02-13 11:08:00
U000017,I000337,18,2022-02-13 13:43:00
U000055,I000459,91,2022-02-13 18:29:00
U000026,I000417,54,2022-02-14 09:02:00
U000092,I000377,16,2022-02-14 09:09:00
U000083,I000035,75,2022-02-14 19:46:00
U000029,I000045,59,2022-02-15 00:22:00
U000096,I000475,52,2022-02-15 07:36:00
U000002,I000433,81,2022-02-15 10:20:00
U000065,I000065,35,2022-02-15 20:35:00
U000062,I000192,85,2022-02-15 22:13:00
U000099,I000174,82,2022-02-15 23:21:00
U000036,I000106,6,2022-02-16 11:05:00
U000073,I000091,34,2022-02-16 16:51:00
U000004,I000410,68,2022-02-16 19:59:00
U000027,I000146,92,2022-02-17 08:32:00
U000081,I000231,34,2022-02-17 11:15:00
U000033,I000378,57,2022-02-17 14:41:00
U000079,I000054,79,2022-02-17 17:04:00
U000017,I000279,82,2022-02-17 18:15:00
U000023,I000054,67,2022-02-18 01:44:00
U000009,I000016,23,2022-02-18 04:52:00
U000006,I000349,61,2022-02-18 05:20:00
U000005,I000368,96,2022-02-18 06:31:00
U000052,I000366,31,2022-02-18 09:45:00
U000087,I000130,40,2022-02-18 11:12:00
U000000,I000265,42,2022-02-18 14:24:00
U000037,I000141,10,2022-02-18 17:48:00
U000054,I000420,97,2022-02-19 03:18:00
U000038,I000002,45,2022-02-19 04:26:00
U000026,I000167,47,2022-02-19 08:04:00
U000059,I000231,54,2022-02-19 10:26:00
U000055,I000295,40,2022-02-19 12:40:00
U000017,I000216,86,2022-02-19 17:43:00
U000083,I000258,97,2022-02-20 04:27:00
U000013,I000167,96,2022-02-20 09:02:00
U000071,I000420,14,2022-02-20 11:39:00
U000055,I000155,40,2022-02-20 14:31:00
U000052,I000078,100,2022-02-20 17:32:00
U000060,I000280,39,2022-02-20 19:17:00
U000014,I000167,31,2022-02-20 23:46:00
U000063,I000430,23,2022-02-21 02:31:00
U000092,I000303,13,2022-02-21 07:29:00
U000098,I000083,16,2022-02-21 07:42:00
U000022,I000304,32,2022-02-21 08:02:00
U000009,I000012,81,2022-02-21 08:08:00
U000060,I000141,53,2022-02-21 10:38:00
U000019,I000023,26,2022-02-21 11:26:00
U000015,I000413,17,2022-02-21 14:29:00
U000034,I000248,7,2022-02-21 17:36:00
U000056,I000074,9,2022-02-21 20:46:00
U000029,I000115,84,2022-02-21 22:18:00
U000049,I000192,92,2022-02-22 00:47:00
U000056,I000302,53,2022-02-22 02:39:00
U000024,I000068,45,2022-02-22 07:55:00
U000015,I000425,84,2022-02-22 11:40:00
U000025,I000002,83,2022-02-23 00:24:00
U000084,I000154,27,2022-02-23 11:13:00
U000090,I000433,47,2022-02-23 19:44:00
U000040,I000146,88,2022-02-23 20:03:00
U000071,I000015,73,2022-02-24 01:01:00
U000075,I000102,69,2022-02-24 01:15:00
U000068,I000265,4,2022-02-24 04:53:00
U000065,I000265,6,2022-02-24 05:34:00
U000083,I000179,95,2022-02-24 09:19:00
U000085,I000173,49,2022-02-24 10:38:00
U000081,I000091,98,2022-02-24 15:20:00
U000068,I000496,28,2022-02-24 16:00:00
U000061,I000459,44,2022-02-24 16:45:00
U000030,I000426,22,2022-02-24 22:47:00
U000084,I000417,28,2022-02-25 00:32:00
U000009,I000158,16,2022-02-25 03:00:00
U000041,I000304,25,2022-02-25 04:45:00
U000082,I000146,1,2022-02-25 11:28:00
U000065,I000390,26,2022-02-26 04:32:00
U000012,I000068,67,2022-02-26 08:43:00
U000022,I000130,93,2022-02-26 08:47:00
U000014,I000040,25,2022-02-26 13:43:00
U000013,I000176,80,2022-02-26 20:28:00
U000070,I000304,94,2022-02-26 23:31:00
U000019,I000205,24,2022-02-26 23:36:00
U000066,I000044,96,2022-02-27 09:20:00
U000000,I000304,88,2022-02-27 10:35:00
U000014,I000182,86,2022-02-27 14:29:00
U000075,I000186,58,2022-02-27 16:25:00
U000006,I000130,92,2022-02-27 17:43:00
U000078,I000159,88,2022-02-27 18:49:00
U000001,I000390,85,2022-02-27 20:37:00
U000048,I000426,32,2022-02-27 20:52:00
U000076,I000167,77,2022-02-27 21:34:00
U000078,I000005,1,2022-02-27 22:14:00
U000011,I000441,16,2022-02-28 02:40:00
U000022,I000465,75,2022-02-28 05:26:00
U000090,I000272,29,2022-02-28 05:59:00
U000041,I000417,46,2022-02-28 14:49:00
U000069,I000259,90,2022-02-28 16:14:00
U000046,I000071,35,2022-02-28 16:22:00
U000071,I000071,18,2022-02-28 18:28:00
U000025,I000441,70,2022-02-28 20:06:00
U000004,I000182,100,2022-02-28 23:05:00
U000031,I000216,62,2022-02-28 23:18:00
U000005,I000333,14,2022-02-28 23:46:00
U000000,I000443,75,2022-03-01 03:22:00
U000036,I000167,17,2022-03-01 03:44:00
U000038,I000146,67,2022-03-01 08:03:00
U000045,I000366,58,2022-03-01 08:07:00
U000045,I000093,20,2022-03-01 10:36:00
U000028,I000448,40,2022-03-01 14:32:00
U000021,I000132,9,2022-03-01 14:36:00
U000064,I000437,61,2022-03-01 16:53:00
U000096,I000186,68,2022-03-01 18:14:00
U000012,I000414,1,2022-03-01 19:52:00
U000032,I000397,39,2022-03-02 07:26:00
U000072,I000231,33,2022-03-02 09:25:00
U000058,I000323,19,2022-03-02 11:58:00
U000056,I000214,15,2022-03-02 14:20:00
U000097,I000007,70,2022-03-02 21:36:00
U000090,I000363,57,2022-03-04 02:22:00
U000093,I000065,70,2022-03-04 07:43:00
U000046,I000258,63,2022-03-04 10:30:00
U000003,I000016,37,2022-03-04 14:18:00
U000078,I000036,82,2022-03-05 00:21:00
U000076,I000345,11,2022-03-05 04:37:00
U000067,I000368,82,2022-03-05 14:28:00
U000075,I000210,20,2022-03-05 20:12:00
U000027,I000364,70,2022-03-05 22:19:00
U000022,I000426,92,2022-03-05 23:31:00
U000045,I000391,65,2022-03-06 02:52:00
U000049,I000115,88,2022-03-06 09:46:00
U000022,I000017,87,2022-03-06 14:06:00
U000078,I000137,20,2022-03-06 19:58:00
U000031,I000390,65,2022-03-06 22:58:00
U000087,I000015,53,2022-03-07 00:05:00
U000024,I000192,25,2022-03-07 04:24:00
U000063,I000499,32,2022-03-07 09:11:00
U000014,I000473,75,2022-03-07 12:34:00
U000098,I000410,15,2022-03-07 15:53:00
U000008,I000359,3,2022-03-07 20:02:00
U000041,I000065,34,2022-03-07 20:43:00
U000043,I000248,73,2022-03-08 01:52:00
U000048,I000141,32,2022-03-08 02:26:00
U000036,I000294,26,2022-03-08 05:49:00
U000082,I000323,86,2022-03-08 06:07:00
U000066,I000093,53,2022-03-08 08:23:00
U000002,I000192,81,2022-03-08 09:09:00
U000060,I000231,67,2022-03-08 09:21:00
U000062,I000154,13,2022-03-08 10:46:00
U000016,I000071,59,2022-03-08 13:13:00
U000061,I000426,92,2022-03-09 16:51:00
U000092,I000054,41,2022-03-09 21:34:00
U000071,I000042,30,2022-03-10 02:20:00
U000090,I000284,85,2022-03-10 07:33:00
U000016,I000303,91,2022-03-10 11:09:00
U000072,I000233,51,2022-03-10 21:04:00
U000034,I000445,5,2022-03-11 00:08:00
U000057,I000358,85,2022-03-11 01:26:00
U000015,I000274,90,2022-03-11 02:04:00
U000005,I000258,75,2022-03-11 09:36:00
U000039,I000345,65,2022-03-12 02:16:00
U000009,I000169,53,2022-03-12 05:36:00
U000058,I000220,98,2022-03-12 08:01:00
U000045,I000385,55,2022-03-12 08:15:00
U000063,I000192,10,2022-03-12 15:21:00
U000026,I000258,78,2022-03-12 16:07:00
U000086,I000364,22,2022-03-12 18:39:00
U000064,I000141,67,2022-03-13 05:17:00
U000057,I000417,98,2022-03-13 05:41:00
U000006,I000435,22,2022-03-13 06:31:00
U000091,I000121,7,2022-03-13 09:48:00
U000045,I000255,86,2022-03-13 10:49:00
U000011,I000258,50,2022-03-13 12:01:00
U000010,I000015,47,2022-03-13 13:18:00
U000087,I000368,1,2022-03-13 13:35:00
U000053,I000186,52,2022-03-13 13:55:00
U000020,I000231,27,2022-03-13 14:25:00
U000014,I000054,76,2022-03-13 14:39:00
U000087,I000425,53,2022-03-13 16:29:00
U000070,I000486,80,2022-03-13 18:19:00
U000026,I000192,96,2022-03-13 20:49:00
U000018,I000054,10,2022-03-13 22:09:00
U000099,I000194,73,2022-03-13 23:34:00
U000027,I000055,63,2022-03-14 18:14:00
U000094,I000182,20,2022-03-14 19:51:00
U000026,I000275,32,2022-03-14 22:13:00
U000028,I000304,38,2022-03-15 01:12:00
U000017,I000364,70,2022-03-15 06:38:00
U000069,I000426,15,2022-03-15 09:34:00
U000042,I000219,48,2022-03-15 14:53:00
U000016,I000301,91,2022-03-15 14:57:00
U000046,I000054,80,2022-03-15 18:26:00
U000063,I000044,23,2022-03-15 19:19:00
U000071,I000390,17,2022-03-15 19:31:00
U000000,I000357,34,2022-03-15 22:07:00
U000019,I000167,12,2022-03-15 23:03:00
U000065,I000137,8,2022-03-16 06:42:00
U000024,I000424,57,2022-03-16 10:48:00
U000084,I000350,52,2022-03-16 22:31:00
U000085,I000304,89,2022-03-17 03:49:00
U000067,I000381,84,2022-03-17 08:55:00
U000031,I000065,99,2022-03-17 12:12:00
U000000,I000359,94,2022-03-17 20:08:00
U000063,I000034,23,2022-03-17 20:14:00
U000087,I000307,30,2022-03-17 20:47:00
U000063,I000293,70,2022-03-18 00:54:00
U000016,I000298,24,2022-03-18 04:47:00
U000019,I000093,56,2022-03-18 07:37:00
U000017,I000459,69,2022-03-18 17:06:00
U000043,I000167,10,2022-03-18 18:45:00
U000007,I000439,69,2022-03-18 20:49:00
U000021,I000489,24,2022-03-19 05:22:00
U000028,I000146,28,2022-03-19 09:24:00
U000082,I000253,8,2022-03-19 11:07:00
U000015,I000430,31,2022-03-19 11:45:00
U000057,I000034,5,2022-03-19 14:06:00
U000009,I000132,88,2022-03-19 14:52:00
U000052,I000304,48,2022-03-19 17:14:00
U000023,I000363,14,2022-03-20 03:20:00
U000011,I000222,59,2022-03-20 05:25:00
U000075,I000130,91,2022-03-20 05:40:00
U000038,I000301,42,2022-03-20 16:01:00
U000036,I000189,1,2022-03-20 16:08:00
U000030,I000345,79,2022-03-20 17:06:00
U000040,I000284,69,2022-03-21 03:07:00
U000051,I000078,22,2022-03-21 06:03:00
U000010,I000159,53,2022-03-21 11:21:00
U000053,I000394,33,2022-03-21 15:44:00
U000097,I000459,98,2022-03-21 16:46:00
U000088,I000015,79,2022-03-21 18:15:00
U000035,I000240,18,2022-03-21 20:58:00
U000023,I000288,72,2022-03-21 23:54:00
U000042,I000023,3,2022-03-22 00:59:00
U000061,I000359,78,2022-03-22 05:28:00
U000085,I000153,58,2022-03-22 06:02:00
U000078,I000204,81,2022-03-22 11:43:00
U000059,I000016,36,2022-03-22 11:58:00
U000090,I000146,70,2022-03-22 18:46:00
U000010,I000439,80,2022-03-22 20:09:00
U000044,I000357,89,2022-03-22 21:10:00
U000006,I000054,71,2022-03-22 23:07:00
U000067,I000067,90,2022-03-23 00:16:00
U000047,I000259,13,2022-03-23 04:55:00
U000024,I000093,25,2022-03-23 06:46:00
U000007,I000345,49,2022-03-23 13:02:00
U000055,I000417,98,2022-03-23 13:40:00
U000064,I000167,25,2022-03-24 01:20:00
U000095,I000216,31,2022-03-24 02:29:00
U000007,I000167,47,2022-03-24 09:18:00
U000061,I000167,42,2022-03-24 16:41:00
U000061,I000284,98,2022-03-24 19:04:00
U000024,I000459,28,2022-03-25 08:03:00
U000086,I000345,76,2022-03-25 09:32:00
U000080,I000089,66,2022-03-25 10:04:00
U000074,I000242,26,2022-03-25 11:31:00
U000052,I000364,1,2022-03-25 18:18:00
U000056,I000141,91,2022-03-25 22:54:00
U000016,I000035,62,2022-03-26 04:07:00
U000057,I000054,81,2022-03-26 05:20:00
U000004,I000015,31,2022-03-26 05:39:00
U000067,I000323,62,2022-03-26 06:37:00
U000016,I000016,48,2022-03-26 07:43:00
U000031,I000437,30,2022-03-26 13:27:00
U000043,I000044,82,2022-03-26 15:34:00
U000043,I000433,17,2022-03-26 18:50:00
U000008,I000467,33,2022-03-26 19:51:00
U000000,I000448,37,2022-03-26 19:53:00
U000009,I000417,27,2022-03-26 22:25:00
U000088,I000410,48,2022-03-27 00:43:00
U000038,I000456,36,2022-03-27 04:08:00
U000007,I000327,67,2022-03-27 06:44:00
U000094,I000015,88,2022-03-27 06:58:00
U000020,I000194,61,2022-03-27 07:53:00
U000037,I000258,57,2022-03-27 08:02:00
U000020,I000185,65,2022-03-27 11:19:00
U000056,I000220,25,2022-03-27 14:45:00
U000040,I000161,54,2022-03-27 15:11:00
U000032,I000196,24,2022-03-27 23:03:00
U000033,I000323,25,2022-03-28 00:06:00
U000053,I000016,71,2022-03-28 02:38:00
U000082,I000359,20,2022-03-28 05:00:00
U000045,I000417,91,2022-03-28 06:43:00
U000011,I000176,75,2022-03-28 09:42:00
U000013,I000265,1,2022-03-28 16:36:00
U000041,I000146,37,2022-03-28 21:37:00
U000017,I000130,37,2022-03-28 23:59:00
U000002,I000093,83,2022-03-29 07:16:00
U000054,I000015,56,2022-03-29 08:41:00
U000071,I000307,50,2022-03-29 10:09:00
U000055,I000434,28,2022-03-29 11:15:00
U000059,I000368,91,2022-03-29 12:56:00
U000094,I000130,98,2022-03-29 14:47:00
U000093,I000444,32,2022-03-29 15:03:00
U000065,I000149,84,2022-03-29 17:31:00
U000010,I000288,65,2022-03-29 17:44:00
U000078,I000366,24,2022-03-29 19:34:00
U000048,I000306,34,2022-03-30 01:34:00
U000087,I000000,36,2022-03-30 08:20:00
U000048,I000153,7,2022-03-30 09:19:00
U000068,I000345,35,2022-03-30 11:24:00
U000038,I000253,74,2022-03-30 15:01:00
U000085,I000345,97,2022-03-30 17:14:00
U000034,I000417,44,2022-03-30 19:34:00
U000073,I000179,8,2022-03-31 05:32:00
U000067,I000448,18,2022-03-31 07:01:00
U000012,I000117,33,2022-03-31 14:28:00
U000038,I000459,43,2022-03-31 18:26:00
U000084,I000048,20,2022-03-31 20:47:00
U000039,I000301,50,2022-03-31 23:38:00
U000030,I000214,75,2022-04-01 02:51:00
U000063,I000255,41,2022-04-01 03:55:00
U000003,I000417,33,2022-04-01 04:23:00
U000010,I000448,66,2022-04-01 07:37:00
U000074,I000426,83,2022-04-01 09:16:00
U000016,I000098,43,2022-04-01 15:00:00
U000042,I000364,59,2022-04-01 17:06:00
U000095,I000310,59,2022-04-01 18:50:00
U000035,I000258,59,2022-04-01 19:02:00
U000047,I000035,61,2022-04-01 19:10:00
U000069,I000237,63,2022-04-01 22:55:00
U000069,I000333,51,2022-04-01 23:26:00
U000037,I000197,25,2022-04-02 03:36:00
U000043,I000267,59,2022-04-02 07:36:00
U000061,I000439,77,2022-04-02 10:10:00
U000012,I000438,88,2022-04-02 13:17:00
U000044,I000420,54,2022-04-02 15:12:00
U000084,I000176,52,2022-04-02 15:28:00
U000080,I000056,67,2022-04-02 19:07:00
U000025,I000295,9,2022-04-02 20:06:00
U000061,I000139,69,2022-04-02 20:24:00
U000046,I000114,60,2022-04-03 00:10:00
U000054,I000368,64,2022-04-03 05:58:00
U000073,I000258,44,2022-04-03 07:29:00
U000046,I000176,31,2022-04-03 10:51:00
U000008,I000026,41,2022-04-03 15:06:00
U000098,I000192,57,2022-04-03 17:08:00
U000094,I000305,24,2022-04-03 21:10:00
U000087,I000359,51,2022-04-03 21:12:00
U000032,I000284,9,2022-04-04 01:12:00
U000050,I000345,25,2022-04-04 02:42:00
U000006,I000397,41,2022-04-04 14:27:00
U000048,I000019,36,2022-04-04 15:35:00
U000034,I000056,96,2022-04-04 18:59:00
U000099,I000231,6,2022-04-05 00:12:00
U000005,I000000,72,2022-04-05 03:56:00
U000049,I000390,2,2022-04-05 04:07:00
U000020,I000390,41,2022-04-05 08:40:00
U000019,I000114,69,2022-04-05 09:09:00
U000033,I000274,66,2022-04-05 11:38:00
U000058,I000483,67,2022-04-05 11:39:00
U000065,I000130,48,2022-04-05 12:36:00
U000041,I000310,88,2022-04-05 18:30:00
U000064,I000292,69,2022-04-05 18:41:00
U000050,I000054,80,2022-04-05 20:24:00
U000082,I000459,44,2022-04-06 05:51:00
U000071,I000113,36,2022-04-06 06:19:00
U000090,I000067,92,2022-04-06 12:16:00
U000010,I000318,21,2022-04-06 14:42:00
U000022,I000230,89,2022-04-06 16:53:00
U000088,I000350,99,2022-04-06 21:33:00
U000084,I000231,68,2022-04-06 23:47:00
U000038,I000475,94,2022-04-06 23:52:00
U000016,I000262,13,2022-04-07 03:34:00
U000040,I000042,96,2022-04-07 04:13:00
U000033,I000467,84,2022-04-07 04:25:00
U000069,I000231,44,2022-04-07 04:53:00
U000044,I000186,14,2022-04-07 09:05:00
U000062,I000322,31,2022-04-07 11:49:00
U000054,I000305,99,2022-04-07 17:03:00
U000013,I000378,29,2022-04-07 17:17:00
U000065,I000465,49,2022-04-08 03:12:00
U000010,I000093,96,2022-04-08 03:40:00
U000088,I000132,25,2022-04-08 04:22:00
U000036,I000499,95,2022-04-08 06:03:00
U000017,I000146,59,2022-04-08 07:55:00
U000015,I000016,76,2022-04-08 12:52:00
U000068,I000359,65,2022-04-08 15:10:00
U000054,I000167,43,2022-04-08 15:11:00
U000065,I000237,44,2022-04-08 18:06:00
U000045,I000347,25,2022-04-08 22:41:00
U000053,I000010,92,2022-04-08 23:03:00
U000014,I000130,91,2022-04-09 01:14:00
U000046,I000135,92,2022-04-09 01:51:00
U000087,I000448,85,2022-04-09 02:49:00
U000006,I000111,48,2022-04-09 03:22:00
U000093,I000295,11,2022-04-09 03:51:00
U000033,I000345,14,2022-04-09 09:13:00
U000042,I000002,3,2022-04-09 11:12:00
U000079,I000118,9,2022-04-09 12:34:00
U000021,I000364,10,2022-04-09 22:47:00
U000012,I000322,73,2022-04-10 01:13:00
U000064,I000394,17,2022-04-10 01:17:00
U000096,I000130,10,2022-04-10 01:55:00
U000021,I000078,77,2022-04-10 02:53:00
U000012,I000265,70,2022-04-10 05:48:00
U000076,I000363,69,2022-04-10 06:37:00
U000047,I000335,71,2022-04-10 06:39:00
U000007,I000017,66,2022-04-10 06:56:00
U000078,I000394,41,2022-04-10 08:56:00
U000008,I000364,86,2022-04-10 14:45:00
U000009,I000387,66,2022-04-10 14:58:00
U000007,I000390,36,2022-04-10 20:29:00
U000007,I000203,71,2022-04-10 22:14:00
U000099,I000047,22,2022-04-11 00:10:00
U000040,I000044,11,2022-04-11 05:28:00
U000039,I000054,45,2022-04-11 07:29:00
U000036,I000441,59,2022-04-11 11:56:00
U000098,I000215,39,2022-04-11 13:45:00
U000046,I000264,98,2022-04-11 17:27:00
U000006,I000167,57,2022-04-11 18:47:00
U000043,I000130,62,2022-04-11 19:27:00
U000011,I000259,99,2022-04-11 22:30:00
U000028,I000166,3,2022-04-12 03:47:00
U000035,I000186,82,2022-04-12 04:30:00
U000096,I000220,26,2022-04-12 06:03:00
U000006,I000165,4,2022-04-12 12:47:00
U000024,I000010,74,2022-04-12 17:49:00
U000061,I000231,43,2022-04-12 18:22:00
U000074,I000458,13,2022-04-13 03:13:00
U000032,I000265,80,2022-04-13 09:32:00
U000054,I000095,37,2022-04-13 11:31:00
U000009,I000186,73,2022-04-13 11:51:00
U000034,I000222,19,2022-04-13 13:16:00
U000039,I000439,31,2022-04-13 18:51:00
U000062,I000459,71,2022-04-13 20:01:00
U000016,I000227,58,2022-04-13 20:52:00
U000025,I000099,80,2022-04-14 10:50:00
U000087,I000364,35,2022-04-14 14:17:00
U000015,I000470,80,2022-04-14 17:53:00
U000042,I000459,41,2022-04-14 18:00:00
U000001,I000448,32,2022-04-15 04:33:00
U000065,I000345,29,2022-04-15 10:48:00
U000038,I000237,70,2022-04-15 11:30:00
U000043,I000426,28,2022-04-15 12:08:00
U000012,I000111,98,2022-04-15 12:51:00
U000079,I000333,53,2022-04-15 14:40:00
U000050,I000106,81,2022-04-15 18:26:00
U000099,I000435,67,2022-04-15 20:51:00
U000094,I000255,24,2022-04-16 11:01:00
U000062,I000054,47,2022-04-16 15:36:00
U000098,I000390,79,2022-04-17 03:35:00
U000039,I000397,50,2022-04-17 05:05:00
U000045,I000435,38,2022-04-17 05:37:00
U000055,I000186,92,2022-04-17 08:46:00
U000042,I000113,3,2022-04-17 13:05:00
U000040,I000018,91,2022-04-17 14:02:00
U000066,I000475,44,2022-04-17 14:48:00
U000032,I000410,20,2022-04-17 15:05:00
U000089,I000439,17,2022-04-17 17:26:00
U000028,I000323,43,2022-04-17 17:49:00
U000049,I000394,66,2022-04-17 20:36:00
U000030,I000122,41,2022-04-18 00:55:00
U000047,I000444,96,2022-04-18 04:54:00
U000024,I000186,31,2022-04-18 05:02:00
U000052,I000448,98,2022-04-18 10:26:00
U000058,I000026,9,2022-04-18 15:22:00
U000046,I000010,70,2022-04-18 17:19:00
U000056,I000010,62,2022-04-18 17:38:00
U000050,I000259,73,2022-04-18 19:03:00
U000054,I000364,85,2022-04-18 19:32:00
U000061,I000345,38,2022-04-18 21:10:00
U000049,I000231,78,2022-04-18 22:54:00
U000011,I000231,13,2022-04-19 02:58:00
U000017,I000197,47,2022-04-19 03:20:00
U000095,I000390,64,2022-04-19 03:40:00
U000009,I000035,9,2022-04-19 03:43:00
U000015,I000486,59,2022-04-19 05:59:00
U000031,I000192,20,2022-04-19 06:09:00
U000007,I000258,34,2022-04-19 06:36:00
U000016,I000164,35,2022-04-19 14:15:00
U000040,I000195,35,2022-04-19 16:27:00
U000079,I000357,22,2022-04-20 01:20:00
U000065,I000306,17,2022-04-20 04:56:00
U000023,I000012,22,2022-04-20 05:51:00
U000083,I000259,12,2022-04-20 06:35:00
U000009,I000439,24,2022-04-20 12:15:00
U000077,I000198,71,2022-04-20 15:57:00
U000034,I000303,49,2022-04-20 22:24:00
U000007,I000394,55,2022-04-20 22:46:00
U000034,I000383,46,2022-04-20 23:29:00
U000001,I000146,87,2022-04-21 03:09:00
U000005,I000323,58,2022-04-21 07:56:00
U000099,I000067,82,2022-04-21 14:44:00
U000085,I000358,18,2022-04-21 15:55:00
U000072,I000323,7,2022-04-21 18:00:00
U000031,I000465,9,2022-04-22 03:03:00
U000092,I000017,11,2022-04-22 13:20:00
U000019,I000345,7,2022-04-22 16:18:00
U000010,I000034,90,2022-04-22 20:38:00
U000053,I000426,59,2022-04-23 06:30:00
U000090,I000364,85,2022-04-23 17:04:00
U000070,I000231,11,2022-04-23 19:09:00
U000036,I000448,99,2022-04-24 06:31:00
U000092,I000238,75,2022-04-24 11:56:00
U000088,I000448,94,2022-04-24 13:55:00
U000044,I000397,71,2022-04-24 15:36:00
U000001,I000305,35,2022-04-24 16:09:00
U000025,I000176,67,2022-04-24 20:45:00
U000051,I000258,43,2022-04-24 21:19:00
U000069,I000459,23,2022-04-25 01:09:00
U000095,I000265,79,2022-04-25 15:52:00
U000079,I000399,24,2022-04-25 15:55:00
U000023,I000146,6,2022-04-25 16:05:00
U000069,I000093,41,2022-04-25 17:16:00
U000092,I000438,28,2022-04-25 18:33:00
U000084,I000252,100,2022-04-26 07:53:00
U000041,I000186,71,2022-04-26 12:16:00
U000093,I000253,20,2022-04-26 17:03:00
U000019,I000020,100,2022-04-26 18:13:00
U000085,I000078,1,2022-04-27 00:04:00
U000026,I000035,5,2022-04-27 04:39:00
U000093,I000354,21,2022-04-27 12:51:00
U000098,I000141,86,2022-04-27 14:14:00
U000024,I000015,48,2022-04-27 19:49:00
U000095,I000056,9,2022-04-27 21:24:00
U000085,I000231,9,2022-04-28 01:16:00
U000005,I000486,37,2022-04-28 06:26:00
U000038,I000026,1,2022-04-28 08:35:00
U000084,I000205,22,2022-04-28 15:42:00
U000081,I000241,1,2022-04-28 21:27:00
U000039,I000010,100,2022-04-28 23:36:00
U000051,I000182,77,2022-04-29 00:18:00
U000059,I000146,64,2022-04-29 02:27:00
U000097,I000346,92,2022-04-29 03:39:00
U000097,I000424,92,2022-04-29 05:58:00
U000095,I000494,37,2022-04-29 11:47:00
U000001,I000186,62,2022-04-29 11:59:00
U000008,I000237,87,2022-04-29 12:43:00
U000097,I000464,27,2022-04-29 13:13:00
U000025,I000077,57,2022-04-29 20:06:00
U000032,I000040,47,2022-04-29 22:41:00
U000072,I000302,49,2022-04-30 09:03:00
U000006,I000146,45,2022-04-30 09:44:00
U000002,I000399,34,2022-04-30 10:11:00
U000038,I000255,65,2022-04-30 12:08:00
U000056,I000295,51,2022-04-30 17:19:00
U000043,I000220,11,2022-04-30 21:58:00
U000059,I000192,94,2022-04-30 22:41:00
U000060,I000054,70,2022-04-30 22:44:00
U000044,I000267,6,2022-05-01 00:50:00
U000006,I000439,44,2022-05-01 08:26:00
U000018,I000176,69,2022-05-01 21:09:00
U000009,I000410,28,2022-05-02 00:06:00
U000048,I000439,92,2022-05-02 04:05:00
U000024,I000130,38,2022-05-02 07:52:00
U000013,I000126,80,2022-05-02 13:20:00
U000099,I000167,96,2022-05-02 17:15:00
U000061,I000323,90,2022-05-02 18:41:00
U000008,I000093,33,2022-05-02 18:41:00
U000027,I000067,55,2022-05-03 05:38:00
U000027,I000186,90,2022-05-03 06:14:00
U000082,I000439,53,2022-05-03 07:32:00
U000026,I000186,11,2022-05-03 10:47:00
U000083,I000304,37,2022-05-03 16:37:00
U000076,I000010,45,2022-05-03 17:34:00
U000087,I000231,43,2022-05-03 18:31:00
U000015,I000339,91,2022-05-03 18:35:00
U000090,I000122,77,2022-05-03 19:01:00
U000002,I000346,61,2022-05-03 19:48:00
U000074,I000345,65,2022-05-03 23:34:00
U000003,I000010,4,2022-05-04 13:15:00
U000031,I000410,77,2022-05-04 14:04:00
U000057,I000284,14,2022-05-04 16:27:00
U000085,I000087,51,2022-05-04 21:20:00
U000082,I000255,75,2022-05-05 05:02:00
U000087,I000043,55,2022-05-05 05:59:00
U000012,I000475,61,2022-05-05 06:43:00
U000040,I000323,35,2022-05-05 07:03:00
U000031,I000230,24,2022-05-05 07:12:00
U000023,I000222,29,2022-05-05 09:00:00
U000080,I000215,79,2022-05-05 15:58:00
U000091,I000426,67,2022-05-05 18:28:00
U000003,I000176,35,2022-05-05 22:11:00
U000050,I000439,23,2022-05-06 07:25:00
U000033,I000182,47,2022-05-06 17:55:00
U000003,I000327,34,2022-05-06 19:25:00
U000076,I000430,92,2022-05-07 00:29:00
U000068,I000295,5,2022-05-07 05:18:00
U000044,I000323,58,2022-05-07 08:07:00
U000097,I000233,10,2022-05-07 08:59:00
U000026,I000289,35,2022-05-07 16:03:00
U000048,I000448,47,2022-05-07 17:40:00
U000048,I000262,18,2022-05-07 18:44:00
U000014,I000470,26,2022-05-07 20:18:00
U000027,I000455,33,2022-05-07 20:32:00
U000024,I000265,78,2022-05-08 00:34:00
U000057,I000258,21,2022-05-08 00:36:00
U000029,I000444,97,2022-05-08 06:39:00
U000062,I000456,73,2022-05-08 07:17:00
U000090,I000035,91,2022-05-08 07:40:00
U000019,I000146,30,2022-05-08 08:34:00
U000015,I000044,42,2022-05-08 11:37:00
U000070,I000284,81,2022-05-09 03:46:00
U000093,I000399,63,2022-05-09 05:04:00
U000077,I000424,66,2022-05-09 07:44:00
U000010,I000076,21,2022-05-09 10:09:00
U000077,I000494,3,2022-05-09 13:15:00
U000074,I000216,53,2022-05-09 19:54:00
U000045,I000341,46,2022-05-09 23:07:00
U000055,I000448,82,2022-05-10 02:24:00
U000041,I000439,23,2022-05-10 05:58:00
U000072,I000186,18,2022-05-10 08:22:00
U000008,I000035,4,2022-05-10 13:39:00
U000057,I000273,15,2022-05-10 13:47:00
U000021,I000167,64,2022-05-11 03:21:00
U000091,I000494,97,2022-05-11 03:48:00
U000053,I000417,78,2022-05-11 14:50:00
U000095,I000176,48,2022-05-11 16:02:00
U000062,I000444,68,2022-05-11 17:03:00
U000056,I000465,40,2022-05-11 22:30:00
U000011,I000363,87,2022-05-12 00:20:00
U000074,I000293,9,2022-05-12 03:45:00
U000084,I000333,69,2022-05-12 04:04:00
U000032,I000274,68,2022-05-12 08:50:00
U000080,I000167,89,2022-05-12 22:25:00
U000086,I000015,47,2022-05-13 05:59:00
U000086,I000114,21,2022-05-13 08:56:00
U000049,I000220,2,2022-05-13 11:19:00
U000056,I000258,96,2022-05-13 14:40:00
U000056,I000262,61,2022-05-13 15:11:00
U000005,I000265,72,2022-05-13 15:24:00
U000066,I000203,92,2022-05-13 16:08:00
U000068,I000189,67,2022-05-13 21:11:00
U000009,I000231,51,2022-05-13 22:56:00
U000017,I000054,55,2022-05-13 23:35:00
U000010,I000297,4,2022-05-14 05:40:00
U000081,I000380,82,2022-05-14 12:43:00
U000016,I000154,89,2022-05-14 14:48:00
U000052,I000176,11,2022-05-14 16:17:00
U000069,I000192,86,2022-05-14 16:32:00
U000020,I000186,35,2022-05-14 16:48:00
U000029,I000231,89,2022-05-14 19:39:00
U000091,I000345,82,2022-05-15 01:44:00
U000039,I000247,43,2022-05-15 04:31:00
U000002,I000035,4,2022-05-15 10:46:00
U000098,I000284,14,2022-05-15 15:41:00
U000026,I000130,88,2022-05-16 02:36:00
U000087,I000303,83,2022-05-16 02:59:00
U000060,I000222,79,2022-05-16 03:24:00
U000028,I000425,88,2022-05-16 03:34:00
U000077,I000265,60,2022-05-16 04:00:00
U000097,I000159,26,2022-05-16 06:13:00
U000099,I000448,69,2022-05-16 07:00:00
U000071,I000047,84,2022-05-16 07:52:00
U000005,I000390,85,2022-05-16 08:51:00
U000057,I000427,39,2022-05-16 09:18:00
U000087,I000417,54,2022-05-16 12:03:00
U000092,I000359,99,2022-05-16 13:48:00
U000099,I000419,9,2022-05-16 21:21:00
U000020,I000176,56,2022-05-16 21:48:00
U000020,I000054,100,2022-05-17 05:05:00
U000071,I000231,63,2022-05-17 06:20:00
U000055,I000305,85,2022-05-17 07:28:00
U000029,I000132,76,2022-05-17 12:28:00
U000022,I000047,3,2022-05-17 14:50:00
U000004,I000002,11,2022-05-17 16:10:00
U000076,I000426,40,2022-05-18 02:55:00
U000045,I000322,100,2022-05-18 11:41:00
U000097,I000451,19,2022-05-18 18:43:00
U000057,I000130,50,2022-05-18 19:57:00
U000060,I000146,37,2022-05-19 04:08:00
U000066,I000274,89,2022-05-19 04:54:00
U000042,I000130,82,2022-05-19 08:53:00
U000029,I000310,67,2022-05-19 12:38:00
U000001,I000067,96,2022-05-19 12:52:00
U000069,I000161,24,2022-05-20 12:55:00
U000051,I000372,98,2022-05-20 16:10:00
U000061,I000054,20,2022-05-20 16:43:00
U000022,I000063,65,2022-05-20 17:42:00
U000022,I000087,56,2022-05-21 09:26:00
U000051,I000056,48,2022-05-21 12:34:00
U000042,I000448,48,2022-05-21 12:43:00
U000020,I000130,95,2022-05-21 14:55:00
U000049,I000406,97,2022-05-21 16:08:00
U000037,I000067,36,2022-05-21 21:27:00
U000029,I000174,34,2022-05-22 06:07:00
U000078,I000068,58,2022-05-22 09:25:00
U000006,I000399,11,2022-05-22 12:06:00
U000021,I000373,94,2022-05-23 05:16:00
U000021,I000387,26,2022-05-23 10:03:00
U000078,I000258,50,2022-05-23 13:43:00
U000076,I000434,80,2022-05-23 23:18:00
U000064,I000186,5,2022-05-23 23:29:00
U000073,I000010,46,2022-05-23 23:48:00
U000008,I000265,98,2022-05-24 00:27:00
U000087,I000304,23,2022-05-24 06:13:00
U000058,I000364,86,2022-05-24 09:38:00
U000097,I000139,91,2022-05-24 12:40:00
U000056,I000439,10,2022-05-24 17:35:00
U000074,I000093,20,2022-05-24 18:30:00
U000070,I000056,92,2022-05-24 22:09:00
U000039,I000395,95,2022-05-24 22:40:00
U000058,I000258,79,2022-05-25 05:08:00
U000020,I000263,36,2022-05-25 05:37:00
U000090,I000323,29,2022-05-25 07:35:00
U000057,I000438,81,2022-05-25 09:22:00
U000024,I000238,11,2022-05-25 11:36:00
U000086,I000235,52,2022-05-25 12:00:00
U000083,I000323,36,2022-05-25 16:50:00
U000017,I000390,96,2022-05-25 16:53:00
U000036,I000054,26,2022-05-25 20:44:00
U000062,I000273,52,2022-05-25 23:51:00
U000093,I000323,94,2022-05-25 23:59:00
U000052,I000494,58,2022-05-26 00:30:00
U000041,I000499,16,2022-05-26 00:41:00
U000029,I000304,68,2022-05-26 10:59:00
U000078,I000048,68,2022-05-26 16:38:00
U000050,I000141,3,2022-05-27 02:59:00
U000089,I000267,82,2022-05-27 08:55:00
U000018,I000304,29,2022-05-27 09:32:00
U000062,I000015,67,2022-05-27 14:11:00
U000025,I000303,68,2022-05-27 14:34:00
U000063,I000415,92,2022-05-27 20:28:00
U000087,I000120,24,2022-05-28 00:07:00
U000006,I000390,12,2022-05-28 00:33:00
U000072,I000056,31,2022-05-28 06:46:00
U000076,I000303,82,2022-05-28 07:40:00
U000081,I000295,49,2022-05-28 09:45:00
U000076,I000286,32,2022-05-28 10:42:00
U000014,I000263,34,2022-05-28 10:47:00
U000073,I000441,75,2022-05-28 12:16:00
U000058,I000222,66,2022-05-28 13:47:00
U000098,I000167,42,2022-05-28 14:18:00
U000001,I000038,99,2022-05-28 17:06:00
U000066,I000265,94,2022-05-28 17:12:00
U000074,I000439,8,2022-05-28 18:10:00
U000064,I000448,77,2022-05-28 19:53:00
U000093,I000157,86,2022-05-28 23:32:00
U000069,I000222,1,2022-05-29 01:25:00
U000094,I000192,88,2022-05-29 16:55:00
U000080,I000359,58,2022-05-29 17:05:00
U000001,I000314,59,2022-05-29 18:27:00
U000008,I000497,61,2022-05-29 18:31:00
U000066,I000459,2,2022-05-30 01:47:00
U000032,I000304,65,2022-05-30 06:48:00
U000070,I000357,52,2022-05-30 10:48:00
U000080,I000266,16,2022-05-30 14:03:00
U000071,I000167,40,2022-05-30 14:39:00
U000067,I000306,47,2022-05-30 18:41:00
U000010,I000364,78,2022-05-30 22:03:00
U000068,I000424,89,2022-05-30 22:26:00
U000019,I000304,7,2022-05-30 23:40:00
U000047,I000042,14,2022-05-30 23:46:00
U000036,I000021,76,2022-05-31 00:56:00
U000036,I000364,47,2022-05-31 14:00:00
U000037,I000417,78,2022-05-31 16:39:00
U000035,I000439,47,2022-05-31 22:20:00
U000045,I000054,70,2022-06-01 00:32:00
U000066,I000341,97,2022-06-01 02:18:00
U000023,I000265,71,2022-06-01 03:24:00
U000088,I000231,77,2022-06-01 05:46:00
U000075,I000083,83,2022-06-01 09:51:00
U000057,I000368,75,2022-06-01 13:32:00
U000063,I000345,81,2022-06-01 16:27:00
U000047,I000036,26,2022-06-01 17:04:00
U000024,I000376,53,2022-06-01 19:19:00
U000065,I000323,43,2022-06-01 23:48:00
U000015,I000231,59,2022-06-02 02:55:00
U000046,I000222,68,2022-06-02 03:06:00
U000036,I000146,78,2022-06-02 06:10:00
U000037,I000443,83,2022-06-02 08:07:00
U000000,I000093,71,2022-06-02 11:27:00
U000007,I000284,44,2022-06-02 12:04:00
U000044,I000222,29,2022-06-02 12:50:00
U000046,I000043,35,2022-06-02 15:59:00
U000039,I000284,49,2022-06-02 17:24:00
U000026,I000265,71,2022-06-02 17:29:00
U000075,I000426,74,2022-06-02 18:06:00
U000048,I000323,86,2022-06-02 18:13:00
U000054,I000310,55,2022-06-03 09:14:00
U000041,I000050,18,2022-06-03 09:15:00
U000099,I000305,12,2022-06-03 11:01:00
U000006,I000424,51,2022-06-03 11:32:00
U000032,I000390,63,2022-06-03 11:44:00
U000036,I000258,28,2022-06-03 12:17:00
U000050,I000130,35,2022-06-03 13:38:00
U000068,I000173,77,2022-06-03 15:33:00
U000012,I000167,23,2022-06-03 22:11:00
U000097,I000158,75,2022-06-04 00:42:00
U000073,I000078,95,2022-06-04 02:03:00
U000040,I000253,87,2022-06-04 08:04:00
U000099,I000439,53,2022-06-04 08:35:00
U000006,I000473,71,2022-06-04 15:28:00
U000018,I000035,22,2022-06-04 17:42:00
U000029,I000494,59,2022-06-04 18:04:00
U000065,I000035,93,2022-06-04 18:46:00
U000095,I000186,48,2022-06-04 19:32:00
U000057,I000345,72,2022-06-05 02:42:00
U000081,I000044,99,2022-06-05 02:43:00
U000071,I000394,73,2022-06-05 03:06:00
U000027,I000417,8,2022-06-05 03:30:00
U000033,I000470,2,2022-06-05 11:15:00
U000054,I000231,43,2022-06-05 12:27:00
U000021,I000263,44,2022-06-05 12:32:00
U000039,I000047,94,2022-06-05 13:06:00
U000051,I000265,72,2022-06-05 18:25:00
U000011,I000263,10,2022-06-06 07:05:00
U000014,I000465,75,2022-06-06 07:20:00
U000037,I000261,41,2022-06-06 08:49:00
U000041,I000231,74,2022-06-06 13:05:00
U000027,I000167,69,2022-06-06 21:16:00
U000076,I000259,95,2022-06-06 23:09:00
U000020,I000345,4,2022-06-07 01:58:00
U000052,I000258,67,2022-06-07 04:07:00
U000070,I000438,66,2022-06-07 07:49:00
U000038,I000417,17,2022-06-07 13:23:00
U000092,I000305,54,2022-06-07 20:28:00
U000096,I000078,72,2022-06-08 00:12:00
U000065,I000214,62,2022-06-08 00:51:00
U000035,I000241,27,2022-06-08 06:32:00
U000097,I000284,73,2022-06-08 09:48:00
U000032,I000345,24,2022-06-08 11:55:00
U000090,I000231,22,2022-06-08 14:08:00
U000074,I000016,8,2022-06-08 14:17:00
U000084,I000130,69,2022-06-08 15:03:00
U000062,I000044,56,2022-06-08 18:16:00
U000095,I000068,95,2022-06-09 00:11:00
U000011,I000499,22,2022-06-09 11:33:00
U000050,I000322,61,2022-06-09 12:35:00
U000003,I000265,7,2022-06-09 12:36:00
U000064,I000378,58,2022-06-09 12:57:00
U000070,I000307,66,2022-06-09 13:27:00
U000043,I000146,6,2022-06-09 15:25:00
U000063,I000257,48,2022-06-09 16:47:00
U000036,I000080,49,2022-06-09 21:44:00
U000050,I000123,13,2022-06-09 22:07:00
U000055,I000231,64,2022-06-09 22:46:00
U000002,I000036,8,2022-06-10 04:16:00
U000096,I000323,67,2022-06-10 07:05:00
U000015,I000427,70,2022-06-10 09:44:00
U000060,I000303,56,2022-06-10 14:16:00
U000015,I000377,67,2022-06-10 17:38:00
U000018,I000346,41,2022-06-10 21:01:00
U000098,I000146,74,2022-06-10 23:08:00
U000057,I000347,66,2022-06-10 23:21:00
U000059,I000361,23,2022-06-10 23:42:00
U000092,I000323,44,2022-06-11 06:30:00
U000048,I000273,4,2022-06-11 10:40:00
U000071,I000335,31,2022-06-11 10:43:00
U000004,I000459,30,2022-06-11 11:35:00
U000064,I000222,3,2022-06-11 18:09:00
U000031,I000413,44,2022-06-11 20:18:00
U000049,I000146,58,2022-06-11 23:34:00
U000075,I000142,17,2022-06-12 01:44:00
U000088,I000167,28,2022-06-12 02:53:00
U000001,I000440,70,2022-06-12 12:14:00
U000029,I000160,37,2022-06-12 14:12:00
U000059,I000358,27,2022-06-12 21:41:00
U000057,I000167,10,2022-06-12 23:02:00
U000097,I000439,7,2022-06-12 23:24:00
U000048,I000433,61,2022-06-13 00:38:00
U000016,I000390,65,2022-06-13 02:32:00
U000017,I000153,93,2022-06-13 04:00:00
U000057,I000035,80,2022-06-13 05:04:00
U000021,I000015,88,2022-06-13 05:25:00
U000051,I000035,6,2022-06-13 06:28:00
U000086,I000139,52,2022-06-13 15:00:00
U000033,I000350,17,2022-06-13 15:44:00
U000056,I000410,27,2022-06-13 16:39:00
U000095,I000459,78,2022-06-13 17:37:00
U000064,I000177,15,2022-06-13 19:30:00
U000008,I000176,26,2022-06-13 21:35:00
U000044,I000417,76,2022-06-14 07:39:00
U000078,I000235,43,2022-06-14 09:11:00
U000070,I000146,3,2022-06-14 11:33:00
U000066,I000252,92,2022-06-14 13:49:00
U000011,I000253,45,2022-06-14 19:40:00
U000055,I000364,32,2022-06-15 02:55:00
U000034,I000323,68,2022-06-15 05:59:00
U000038,I000410,43,2022-06-15 08:35:00
U000098,I000130,10,2022-06-15 12:15:00
U000075,I000364,10,2022-06-15 13:52:00
U000089,I000346,83,2022-06-15 14:20:00
U000011,I000288,83,2022-06-15 14:54:00
U000028,I000192,29,2022-06-15 14:54:00
U000013,I000390,21,2022-06-15 16:32:00
U000035,I000424,83,2022-06-15 22:44:00
U000079,I000279,34,2022-06-15 23:10:00
U000012,I000137,66,2022-06-15 23:57:00
U000090,I000470,31,2022-06-16 04:18:00
U000096,I000015,36,2022-06-16 04:22:00
U000038,I000010,86,2022-06-16 08:00:00
U000086,I000231,29,2022-06-16 12:40:00
U000030,I000196,50,2022-06-16 15:12:00
U000067,I000176,48,2022-06-16 17:09:00
U000055,I000458,6,2022-06-16 22:15:00
U000002,I000426,85,2022-06-17 02:33:00
U000019,I000010,53,2022-06-17 05:46:00
U000083,I000390,14,2022-06-17 06:00:00
U000045,I000310,83,2022-06-17 06:01:00
U000073,I000264,98,2022-06-17 11:15:00
U000093,I000060,49,2022-06-17 12:47:00
U000016,I000304,65,2022-06-17 15:15:00
U000019,I000130,7,2022-06-17 15:55:00
U000033,I000192,55,2022-06-17 17:20:00
U000040,I000075,63,2022-06-17 18:06:00
U000086,I000341,74,2022-06-17 19:39:00
U000049,I000364,6,2022-06-17 20:19:00
U000017,I000345,58,2022-06-17 22:04:00
U000084,I000016,38,2022-06-18 02:37:00
U000084,I000192,2,2022-06-18 02:46:00
U000044,I000259,95,2022-06-18 06:31:00
U000028,I000305,55,2022-06-18 10:28:00
U000077,I000390,6,2022-06-18 10:45:00
U000094,I000350,27,2022-06-18 11:21:00
U000050,I000302,27,2022-06-18 23:20:00
U000064,I000323,26,2022-06-19 03:08:00
U000035,I000070,70,2022-06-19 10:51:00
U000096,I000054,3,2022-06-19 14:34:00
U000029,I000192,5,2022-06-19 19:06:00
U000009,I000444,19,2022-06-19 20:41:00
U000093,I000321,99,2022-06-19 23:07:00
U000020,I000310,94,2022-06-20 04:26:00
U000073,I000364,31,2022-06-20 06:20:00
U000057,I000429,82,2022-06-20 08:48:00
U000092,I000176,99,2022-06-20 13:45:00
U000081,I000359,75,2022-06-20 14:03:00
U000091,I000267,39,2022-06-20 14:15:00
U000039,I000359,36,2022-06-20 15:18:00
U000046,I000410,34,2022-06-20 15:54:00
U000033,I000054,64,2022-06-20 19:14:00
U000055,I000258,85,2022-06-20 20:03:00
U000092,I000192,89,2022-06-21 00:53:00
U000047,I000303,21,2022-06-21 06:57:00
U000065,I000056,29,2022-06-21 07:31:00
U000063,I000146,66,2022-06-21 11:12:00
U000028,I000231,76,2022-06-21 16:26:00
U000092,I000346,42,2022-06-21 16:39:00
U000013,I000115,91,2022-06-21 17:12:00
U000006,I000157,64,2022-06-21 20:40:00
U000035,I000273,5,2022-06-22 01:30:00
U000067,I000034,95,2022-06-22 03:44:00
U000073,I000246,48,2022-06-22 06:56:00
U000049,I000068,94,2022-06-22 12:45:00
U000097,I000390,84,2022-06-22 16:18:00
U000017,I000102,26,2022-06-23 00:37:00
U000038,I000231,51,2022-06-23 03:01:00
U000093,I000015,6,2022-06-23 06:08:00
U000061,I000078,41,2022-06-23 09:17:00
U000015,I000146,28,2022-06-23 09:32:00
U000057,I000410,96,2022-06-23 13:08:00
U000034,I000439,86,2022-06-23 14:59:00
U000049,I000358,43,2022-06-23 16:14:00
U000084,I000015,20,2022-06-23 16:58:00
U000017,I000040,31,2022-06-23 17:37:00
U000006,I000357,28,2022-06-23 18:08:00
U000085,I000192,42,2022-06-23 19:07:00
U000051,I000115,38,2022-06-23 21:01:00
U000071,I000035,15,2022-06-23 21:26:00
U000054,I000470,92,2022-06-24 03:31:00
U000052,I000146,23,2022-06-24 06:15:00
U000029,I000323,80,2022-06-24 11:14:00
U000069,I000219,66,2022-06-24 13:13:00
U000007,I000174,69,2022-06-24 13:31:00
U000045,I000186,42,2022-06-24 14:40:00
U000047,I000115,10,2022-06-24 17:57:00
U000032,I000063,68,2022-06-24 18:41:00
U000030,I000459,46,2022-06-24 19:35:00
U000064,I000364,89,2022-06-24 19:58:00
U000097,I000258,11,2022-06-25 04:50:00
U000067,I000061,99,2022-06-25 05:51:00
U000054,I000023,36,2022-06-25 10:13:00
U000002,I000454,95,2022-06-25 13:21:00
U000082,I000118,11,2022-06-25 21:28:00
U000007,I000341,90,2022-06-26 03:06:00
U000089,I000241,4,2022-06-26 06:43:00
U000087,I000192,80,2022-06-26 14:20:00
U000006,I000044,68,2022-06-26 14:21:00
U000088,I000054,53,2022-06-26 17:10:00
U000025,I000465,53,2022-06-26 18:41:00
U000043,I000045,73,2022-06-26 20:53:00
U000000,I000067,4,2022-06-26 20:55:00
U000098,I000307,35,2022-06-26 21:19:00
U000043,I000078,94,2022-06-27 01:16:00
U000075,I000437,13,2022-06-27 03:29:00
U000051,I000345,11,2022-06-27 08:05:00
U000063,I000010,81,2022-06-27 13:05:00
U000077,I000317,12,2022-06-27 19:06:00
U000087,I000361,48,2022-06-27 21:02:00
U000064,I000043,12,2022-06-28 10:53:00
U000019,I000258,16,2022-06-28 16:02:00
U000040,I000130,83,2022-06-28 16:41:00
U000068,I000333,71,2022-06-28 17:00:00
U000067,I000026,61,2022-06-28 18:44:00
U000081,I000273,20,2022-06-28 19:36:00
U000027,I000142,89,2022-06-29 00:12:00
U000063,I000288,64,2022-06-29 00:25:00
U000054,I000290,97,2022-06-29 01:21:00
U000037,I000176,27,2022-06-29 06:03:00
U000079,I000263,66,2022-06-29 08:20:00
U000099,I000441,11,2022-06-29 09:22:00
U000096,I000176,20,2022-06-29 14:08:00
U000081,I000122,39,2022-06-29 14:49:00
U000014,I000385,9,2022-06-29 18:54:00
U000034,I000087,68,2022-06-30 03:35:00
U000063,I000091,28,2022-06-30 11:15:00
U000088,I000192,75,2022-06-30 11:42:00
U000007,I000242,36,2022-06-30 12:16:00
U000087,I000035,47,2022-06-30 13:14:00
U000071,I000345,25,2022-06-30 15:27:00
U000038,I000498,96,2022-06-30 15:29:00
U000035,I000430,95,2022-06-30 17:43:00
U000000,I000023,45,2022-06-30 23:47:00
U000067,I000303,81,2022-07-01 00:17:00
U000056,I000453,29,2022-07-01 03:18:00
U000037,I000294,82,2022-07-01 03:20:00
U000014,I000218,45,2022-07-01 14:43:00
U000027,I000220,43,2022-07-01 15:36:00
U000044,I000176,89,2022-07-01 15:46:00
U000091,I000378,2,2022-07-01 19:28:00
U000019,I000219,66,2022-07-02 06:34:00
U000008,I000080,21,2022-07-02 09:33:00
U000023,I000304,51,2022-07-02 11:24:00
U000078,I000322,35,2022-07-02 14:00:00
U000064,I000017,7,2022-07-02 15:06:00
U000037,I000054,26,2022-07-02 15:54:00
U000067,I000346,8,2022-07-02 21:07:00
U000067,I000054,30,2022-07-03 02:47:00
U000006,I000350,66,2022-07-03 10:06:00
U000025,I000042,56,2022-07-03 11:56:00
U000053,I000391,40,2022-07-03 15:29:00
U000032,I000357,86,2022-07-03 17:09:00
U000015,I000333,6,2022-07-03 17:20:00
U000020,I000118,64,2022-07-03 20:25:00
U000054,I000028,65,2022-07-03 21:57:00
U000066,I000056,80,2022-07-03 23:57:00
U000010,I000091,12,2022-07-04 00:28:00
U000071,I000364,21,2022-07-04 01:57:00
U000087,I000010,84,2022-07-04 03:19:00
U000096,I000273,35,2022-07-04 06:24:00
U000065,I000251,61,2022-07-04 09:21:00
U000004,I000497,98,2022-07-04 12:16:00
U000080,I000439,98,2022-07-04 15:30:00
U000097,I000430,7,2022-07-04 18:14:00
U000067,I000167,57,2022-07-04 21:36:00
U000099,I000498,37,2022-07-05 04:41:00
U000027,I000463,41,2022-07-05 07:23:00
U000089,I000102,63,2022-07-05 11:57:00
U000037,I000035,35,2022-07-05 13:57:00
U000051,I000323,95,2022-07-05 14:50:00
U000080,I000093,53,2022-07-05 20:43:00
U000058,I000459,77,2022-07-06 02:18:00
U000000,I000176,92,2022-07-06 04:33:00
U000049,I000167,48,2022-07-06 05:56:00
U000022,I000146,66,2022-07-06 16:37:00
U000062,I000163,85,2022-07-06 17:45:00
U000078,I000015,32,2022-07-06 18:44:00
U000052,I000115,86,2022-07-06 18:45:00
U000062,I000398,47,2022-07-06 18:46:00
U000019,I000060,97,2022-07-06 22:01:00
U000081,I000087,30,2022-07-06 22:13:00
U000005,I000364,74,2022-07-06 23:24:00
U000061,I000130,10,2022-07-07 03:01:00
U000030,I000439,77,2022-07-07 06:11:00
U000057,I000241,65,2022-07-07 11:33:00
U000057,I000176,74,2022-07-07 12:05:00
U000082,I000208,88,2022-07-08 03:39:00
U000077,I000359,79,2022-07-08 07:48:00
U000037,I000231,98,2022-07-08 12:43:00
U000051,I000065,97,2022-07-08 15:01:00
U000019,I000439,54,2022-07-08 16:02:00
U000006,I000441,24,2022-07-08 19:04:00
U000074,I000303,43,2022-07-08 19:33:00
U000025,I000459,81,2022-07-08 20:42:00
U000092,I000441,51,2022-07-08 21:47:00
U000092,I000025,54,2022-07-09 01:10:00
U000086,I000454,71,2022-07-09 01:49:00
U000058,I000146,91,2022-07-09 13:41:00
U000098,I000295,26,2022-07-09 15:06:00
U000016,I000258,79,2022-07-09 16:43:00
U000063,I000459,35,2022-07-09 18:38:00
U000054,I000097,68,2022-07-09 20:51:00
U000006,I000265,57,2022-07-09 23:01:00
U000018,I000359,48,2022-07-09 23:16:00
U000058,I000439,11,2022-07-10 03:44:00
U000018,I000303,15,2022-07-10 08:31:00
U000062,I000167,73,2022-07-10 11:11:00
U000069,I000163,28,2022-07-10 11:32:00
U000086,I000439,31,2022-07-10 11:43:00
U000046,I000438,81,2022-07-10 15:53:00
U000001,I000297,83,2022-07-10 18:46:00
U000001,I000323,56,2022-07-11 00:59:00
U000008,I000167,92,2022-07-11 01:47:00
U000021,I000458,55,2022-07-11 03:39:00
U000090,I000378,75,2022-07-11 04:09:00
U000039,I000390,38,2022-07-11 06:42:00
U000018,I000167,2,2022-07-11 07:10:00
U000093,I000056,25,2022-07-11 17:22:00
U000035,I000015,24,2022-07-11 18:07:00
U000086,I000258,2,2022-07-11 22:51:00
U000028,I000439,21,2022-07-11 23:39:00
U000028,I000078,48,2022-07-12 02:34:00
U000035,I000304,37,2022-07-12 07:05:00
U000093,I000192,69,2022-07-12 07:25:00
U000020,I000323,68,2022-07-12 07:36:00
U000051,I000231,25,2022-07-12 09:59:00
U000017,I000065,49,2022-07-12 10:07:00
U000001,I000132,9,2022-07-12 12:50:00
U000035,I000410,67,2022-07-12 19:03:00
U000052,I000426,35,2022-07-12 20:35:00
U000066,I000146,78,2022-07-12 21:54:00
U000062,I000048,10,2022-07-13 05:47:00
U000050,I000458,16,2022-07-13 07:32:00
U000038,I000071,25,2022-07-13 12:19:00
U000040,I000439,91,2022-07-13 13:21:00
U000074,I000047,27,2022-07-13 15:33:00
U000047,I000494,16,2022-07-13 15:54:00
U000035,I000017,93,2022-07-13 20:37:00
U000040,I000459,3,2022-07-14 00:21:00
U000007,I000410,10,2022-07-14 01:45:00
U000067,I000390,13,2022-07-14 07:42:00
U000072,I000141,25,2022-07-14 11:18:00
U000076,I000102,59,2022-07-14 15:20:00
U000004,I000435,91,2022-07-14 15:53:00
U000007,I000035,46,2022-07-14 21:34:00
U000047,I000246,100,2022-07-14 23:26:00
U000067,I000372,65,2022-07-15 06:30:00
U000032,I000426,47,2022-07-15 06:41:00
U000076,I000346,39,2022-07-15 06:46:00
U000052,I000420,40,2022-07-15 12:12:00
U000093,I000158,30,2022-07-15 13:06:00
U000041,I000302,70,2022-07-15 13:56:00
U000035,I000231,3,2022-07-15 18:02:00
U000095,I000364,64,2022-07-15 18:58:00
U000067,I000497,73,2022-07-15 19:46:00
U000040,I000054,83,2022-07-16 01:47:00
U000040,I000192,79,2022-07-16 05:32:00
U000029,I000273,6,2022-07-16 07:30:00
U000023,I000305,21,2022-07-16 08:14:00
U000008,I000435,47,2022-07-16 09:34:00
U000019,I000215,11,2022-07-16 09:41:00
U000034,I000465,7,2022-07-16 11:30:00
U000067,I000439,87,2022-07-16 15:12:00
U000010,I000346,55,2022-07-16 16:33:00
U000012,I000426,97,2022-07-16 18:58:00
U000069,I000186,2,2022-07-17 00:15:00
U000011,I000303,8,2022-07-17 01:33:00
U000070,I000132,48,2022-07-17 03:59:00
U000070,I000358,12,2022-07-17 04:54:00
U000063,I000242,40,2022-07-17 06:02:00
U000085,I000020,13,2022-07-17 09:38:00
U000044,I000275,99,2022-07-17 09:44:00
U000052,I000390,36,2022-07-17 10:31:00
U000017,I000026,14,2022-07-17 18:55:00
U000051,I000494,29,2022-07-17 20:23:00
U000046,I000000,98,2022-07-18 00:28:00
U000031,I000167,66,2022-07-18 01:20:00
U000015,I000054,23,2022-07-18 06:42:00
U000029,I000277,25,2022-07-18 07:08:00
U000096,I000441,2,2022-07-18 12:37:00
U000002,I000335,9,2022-07-18 17:07:00
U000056,I000090,21,2022-07-18 21:29:00
U000044,I000384,47,2022-07-18 22:43:00
U000094,I000435,18,2022-07-19 05:27:00
U000074,I000399,24,2022-07-19 05:46:00
U000094,I000235,4,2022-07-19 06:07:00
U000073,I000390,79,2022-07-19 07:22:00
U000001,I000426,24,2022-07-19 08:39:00
U000042,I000399,63,2022-07-19 08:45:00
U000097,I000012,35,2022-07-19 13:01:00
U000081,I000042,88,2022-07-19 21:39:00
U000092,I000186,69,2022-07-19 23:46:00
U000058,I000256,82,2022-07-20 04:27:00
U000072,I000364,49,2022-07-20 11:16:00
U000023,I000359,86,2022-07-20 12:16:00
U000045,I000035,88,2022-07-20 19:56:00
U000038,I000025,19,2022-07-20 21:33:00
U000057,I000383,43,2022-07-21 06:06:00
U000050,I000267,23,2022-07-21 06:58:00
U000034,I000264,58,2022-07-21 13:11:00
U000011,I000167,21,2022-07-21 17:48:00
U000015,I000411,71,2022-07-21 20:40:00
U000095,I000368,98,2022-07-21 21:30:00
U000025,I000231,97,2022-07-22 05:23:00
U000078,I000098,30,2022-07-22 09:08:00
U000002,I000015,74,2022-07-23 01:26:00
U000086,I000216,62,2022-07-23 01:35:00
U000077,I000493,40,2022-07-23 05:45:00
U000045,I000222,1,2022-07-23 10:35:00
U000053,I000463,14,2022-07-23 12:04:00
U000045,I000303,12,2022-07-23 23:37:00
U000010,I000494,64,2022-07-24 03:35:00
U000074,I000158,24,2022-07-24 04:56:00
U000073,I000277,84,2022-07-24 08:37:00
U000056,I000018,28,2022-07-24 08:50:00
U000053,I000035,77,2022-07-24 10:44:00
U000046,I000443,67,2022-07-24 13:43:00
U000068,I000241,88,2022-07-24 16:21:00
U000010,I000323,14,2022-07-24 17:42:00
U000083,I000146,5,2022-07-24 23:26:00
U000091,I000157,50,2022-07-25 01:25:00
U000051,I000439,53,2022-07-25 12:15:00
U000065,I000002,21,2022-07-25 14:07:00
U000093,I000303,29,2022-07-25 17:16:00
U000015,I000494,47,2022-07-25 21:23:00
U000024,I000258,36,2022-07-26 04:22:00
U000051,I000477,91,2022-07-26 04:43:00
U000072,I000216,86,2022-07-26 09:01:00
U000015,I000192,35,2022-07-26 09:39:00
U000014,I000132,10,2022-07-26 13:08:00
U000079,I000048,43,2022-07-27 03:57:00
U000038,I000068,90,2022-07-27 13:54:00
U000043,I000382,14,2022-07-27 14:37:00
U000084,I000466,55,2022-07-27 17:24:00
U000003,I000323,24,2022-07-27 17:56:00
U000092,I000295,83,2022-07-27 19:23:00
U000007,I000323,89,2022-07-27 20:17:00
U000031,I000270,35,2022-07-27 23:18:00
U000022,I000259,48,2022-07-27 23:31:00
U000029,I000180,13,2022-07-28 00:38:00
U000046,I000141,89,2022-07-28 02:46:00
U000004,I000093,63,2022-07-28 05:33:00
U000066,I000130,18,2022-07-28 09:49:00
U000096,I000035,81,2022-07-28 12:44:00
U000033,I000424,3,2022-07-28 12:59:00
U000057,I000153,57,2022-07-28 15:55:00
U000069,I000015,27,2022-07-28 20:48:00
U000089,I000068,77,2022-07-28 22:38:00
U000064,I000153,89,2022-07-28 22:43:00
U000096,I000405,2,2022-07-29 00:37:00
U000044,I000489,78,2022-07-29 02:45:00
U000032,I000364,20,2022-07-29 03:38:00
U000084,I000364,97,2022-07-29 09:21:00
U000025,I000383,87,2022-07-29 11:38:00
U000099,I000248,29,2022-07-29 12:28:00
U000087,I000263,21,2022-07-29 13:57:00
U000047,I000216,27,2022-07-29 16:37:00
U000081,I000016,93,2022-07-29 16:48:00
U000090,I000026,25,2022-07-30 02:23:00
U000002,I000186,64,2022-07-30 02:35:00
U000027,I000477,13,2022-07-30 02:37:00
U000088,I000036,28,2022-07-30 04:04:00
U000016,I000497,30,2022-07-30 05:12:00
U000075,I000303,68,2022-07-30 06:12:00
U000006,I000335,52,2022-07-30 08:19:00
U000030,I000438,10,2022-07-30 08:52:00
U000080,I000046,8,2022-07-30 08:53:00
U000006,I000458,42,2022-07-30 13:52:00
U000053,I000231,26,2022-07-30 17:12:00
U000060,I000323,77,2022-07-30 17:13:00
U000010,I000295,49,2022-07-30 18:51:00
U000093,I000203,50,2022-07-30 19:10:00
U000087,I000305,44,2022-07-30 20:18:00
U000036,I000303,32,2022-07-30 20:22:00
U000014,I000448,81,2022-07-31 00:10:00
U000052,I000410,79,2022-07-31 07:49:00
U000036,I000459,92,2022-07-31 08:18:00
U000039,I000258,77,2022-07-31 15:54:00
U000072,I000092,4,2022-07-31 17:38:00
U000012,I000333,29,2022-07-31 19:13:00
U000041,I000303,5,2022-07-31 20:29:00
U000050,I000015,61,2022-08-01 07:32:00
U000056,I000231,17,2022-08-01 12:30:00
U000080,I000470,58,2022-08-01 18:29:00
U000051,I000459,17,2022-08-01 20:49:00
U000028,I000040,65,2022-08-01 21:14:00
U000054,I000304,65,2022-08-01 21:23:00
U000089,I000313,84,2022-08-02 15:44:00
U000087,I000465,4,2022-08-02 15:48:00
U000014,I000259,74,2022-08-02 15:49:00
U000054,I000303,58,2022-08-03 20:06:00
U000056,I000253,4,2022-08-03 20:46:00
U000072,I000345,79,2022-08-03 21:03:00
U000063,I000437,85,2022-08-03 21:08:00
U000048,I000069,29,2022-08-03 21:50:00
U000058,I000280,70,2022-08-03 22:01:00
U000013,I000424,53,2022-08-04 06:41:00
U000002,I000333,26,2022-08-04 07:14:00
U000058,I000186,45,2022-08-04 12:22:00
U000035,I000054,96,2022-08-04 13:01:00
U000059,I000310,1,2022-08-04 13:02:00
U000067,I000443,33,2022-08-04 13:21:00
U000057,I000129,60,2022-08-04 15:11:00
U000071,I000133,7,2022-08-04 16:34:00
U000093,I000118,96,2022-08-04 18:15:00
U000016,I000186,51,2022-08-04 18:19:00
U000060,I000093,54,2022-08-04 18:30:00
U000094,I000458,45,2022-08-04 19:26:00
U000015,I000465,27,2022-08-04 20:03:00
U000097,I000359,25,2022-08-05 01:27:00
U000028,I000364,67,2022-08-05 06:53:00
U000042,I000078,77,2022-08-05 07:09:00
U000077,I000158,89,2022-08-05 07:49:00
U000096,I000302,35,2022-08-05 11:03:00
U000071,I000079,86,2022-08-05 13:00:00
U000039,I000263,47,2022-08-05 13:46:00
U000070,I000028,42,2022-08-05 14:55:00
U000004,I000146,7,2022-08-05 16:06:00
U000058,I000044,87,2022-08-05 17:46:00
U000001,I000231,56,2022-08-05 20:58:00
U000011,I000354,40,2022-08-06 09:23:00
U000083,I000218,18,2022-08-06 10:51:00
U000027,I000437,98,2022-08-06 13:21:00
U000032,I000146,37,2022-08-06 19:39:00
U000008,I000113,69,2022-08-06 23:24:00
U000071,I000054,97,2022-08-07 00:45:00
U000025,I000494,22,2022-08-07 05:23:00
U000099,I000359,76,2022-08-07 10:20:00
U000082,I000364,92,2022-08-07 11:59:00
U000022,I000258,86,2022-08-07 19:10:00
U000040,I000467,89,2022-08-07 19:40:00
U000081,I000176,10,2022-08-07 22:35:00
U000080,I000376,48,2022-08-08 02:56:00
U000034,I000167,17,2022-08-08 03:13:00
U000005,I000192,90,2022-08-08 04:45:00
U000009,I000425,83,2022-08-08 05:15:00
U000077,I000146,49,2022-08-08 05:30:00
U000099,I000307,37,2022-08-08 09:22:00
U000083,I000054,75,2022-08-08 11:02:00
U000016,I000176,48,2022-08-08 20:31:00
U000037,I000139,97,2022-08-09 03:47:00
U000067,I000146,94,2022-08-09 03:58:00
U000084,I000215,82,2022-08-09 04:09:00
U000056,I000438,26,2022-08-09 04:10:00
U000099,I000310,30,2022-08-09 08:00:00
U000077,I000439,82,2022-08-09 09:54:00
U000074,I000499,78,2022-08-09 09:55:00
U000025,I000015,97,2022-08-09 14:37:00
U000056,I000382,77,2022-08-09 15:53:00
U000066,I000015,26,2022-08-09 17:16:00
U000064,I000010,56,2022-08-09 18:28:00
U000091,I000102,67,2022-08-09 20:24:00
U000093,I000345,54,2022-08-09 23:09:00
U000082,I000180,7,2022-08-10 03:57:00
U000052,I000205,13,2022-08-10 05:01:00
U000075,I000192,48,2022-08-10 06:19:00
U000050,I000080,66,2022-08-10 10:41:00
U000050,I000310,33,2022-08-10 12:52:00
U000054,I000390,24,2022-08-10 12:57:00
U000072,I000146,50,2022-08-10 18:39:00
U000009,I000023,32,2022-08-10 20:03:00
U000062,I000443,14,2022-08-10 21:34:00
U000029,I000117,18,2022-08-11 00:27:00
U000041,I000494,92,2022-08-11 04:40:00
U000099,I000254,41,2022-08-11 11:37:00
U000056,I000323,82,2022-08-11 19:13:00
U000087,I000372,20,2022-08-11 20:07:00
U000099,I000186,85,2022-08-12 03:31:00
U000029,I000054,40,2022-08-12 04:27:00
U000024,I000439,44,2022-08-12 06:31:00
U000061,I000427,46,2022-08-12 07:06:00
U000078,I000302,67,2022-08-12 08:06:00
U000094,I000310,81,2022-08-12 10:42:00
U000096,I000391,26,2022-08-12 11:29:00
U000027,I000323,64,2022-08-12 12:21:00
U000016,I000294,89,2022-08-12 13:32:00
U000025,I000273,39,2022-08-12 20:42:00
U000099,I000323,52,2022-08-13 03:13:00
U000060,I000345,33,2022-08-13 06:41:00
U000065,I000382,15,2022-08-13 08:31:00
U000003,I000390,7,2022-08-13 13:52:00
U000027,I000023,3,2022-08-13 15:10:00
U000066,I000483,46,2022-08-13 17:44:00
U000087,I000345,38,2022-08-13 18:12:00
U000066,I000136,84,2022-08-13 20:09:00
U000071,I000437,19,2022-08-13 21:11:00
U000012,I000417,67,2022-08-13 22:34:00
U000051,I000054,45,2022-08-13 23:13:00
U000039,I000006,51,2022-08-14 03:59:00
U000094,I000186,18,2022-08-14 06:47:00
U000067,I000093,72,2022-08-14 11:21:00
U000062,I000458,60,2022-08-14 12:25:00
U000012,I000288,4,2022-08-14 12:33:00
U000068,I000017,5,2022-08-14 13:05:00
U000063,I000231,54,2022-08-14 14:14:00
U000018,I000426,89,2022-08-14 19:31:00
U000047,I000322,18,2022-08-14 20:57:00
U000087,I000146,37,2022-08-14 21:40:00
U000070,I000459,15,2022-08-15 04:16:00
U000006,I000295,11,2022-08-15 08:31:00
U000017,I000089,73,2022-08-15 09:52:00
U000093,I000035,66,2022-08-15 12:35:00
U000017,I000304,95,2022-08-15 14:07:00
U000049,I000258,11,2022-08-15 19:38:00
U000089,I000368,44,2022-08-15 20:19:00
U000083,I000494,100,2022-08-15 21:07:00
U000007,I000146,83,2022-08-15 21:37:00
U000089,I000478,77,2022-08-15 22:00:00
U000097,I000130,51,2022-08-16 00:50:00
U000012,I000343,46,2022-08-16 05:27:00
U000009,I000448,31,2022-08-16 09:11:00
U000073,I000130,63,2022-08-16 15:09:00
U000054,I000248,73,2022-08-16 19:03:00
U000083,I000364,48,2022-08-16 20:41:00
U000031,I000176,54,2022-08-16 20:48:00
U000012,I000439,30,2022-08-16 22:41:00
U000050,I000192,22,2022-08-17 01:34:00
U000047,I000441,50,2022-08-17 02:49:00
U000077,I000327,3,2022-08-17 10:13:00
U000063,I000436,40,2022-08-17 10:34:00
U000019,I000364,75,2022-08-17 12:23:00
U000054,I000267,10,2022-08-17 13:07:00
U000024,I000304,46,2022-08-17 18:35:00
U000041,I000130,67,2022-08-17 20:21:00
U000044,I000364,38,2022-08-17 22:19:00
U000018,I000047,16,2022-08-17 23:03:00
U000002,I000153,79,2022-08-18 05:08:00
U000038,I000368,47,2022-08-18 07:38:00
U000010,I000146,79,2022-08-18 16:44:00
U000082,I000205,69,2022-08-18 18:41:00
U000064,I000273,64,2022-08-19 08:25:00
U000069,I000220,68,2022-08-19 18:45:00
U000044,I000043,70,2022-08-19 23:58:00
U000058,I000434,18,2022-08-20 03:46:00
U000077,I000448,3,2022-08-20 05:41:00
U000012,I000385,75,2022-08-20 07:32:00
U000044,I000494,46,2022-08-20 13:02:00
U000042,I000146,24,2022-08-20 13:43:00
U000069,I000441,21,2022-08-20 17:49:00
U000027,I000266,3,2022-08-20 20:34:00
U000078,I000310,83,2022-08-20 22:43:00
U000043,I000465,54,2022-08-20 23:32:00
U000093,I000167,91,2022-08-21 04:18:00
U000041,I000390,51,2022-08-21 04:51:00
U000015,I000186,11,2022-08-21 09:58:00
U000082,I000265,15,2022-08-21 12:38:00
U000023,I000220,29,2022-08-21 16:55:00
U000036,I000426,83,2022-08-21 19:02:00
U000095,I000130,91,2022-08-21 19:31:00
U000008,I000361,11,2022-08-21 20:04:00
U000003,I000115,4,2022-08-21 22:42:00
U000049,I000438,85,2022-08-21 23:21:00
U000070,I000068,38,2022-08-22 00:38:00
U000089,I000016,46,2022-08-22 02:23:00
U000075,I000137,38,2022-08-22 02:56:00
U000078,I000359,15,2022-08-22 07:51:00
U000063,I000132,13,2022-08-22 10:38:00
U000033,I000130,37,2022-08-22 17:22:00
U000068,I000176,79,2022-08-22 18:04:00
U000044,I000439,96,2022-08-22 20:58:00
U000065,I000459,47,2022-08-22 22:18:00
U000035,I000117,97,2022-08-23 00:28:00
U000046,I000323,19,2022-08-23 01:52:00
U000089,I000494,35,2022-08-23 03:06:00
U000058,I000234,84,2022-08-23 07:24:00
U000059,I000335,88,2022-08-23 08:44:00
U000029,I000186,68,2022-08-23 09:19:00
U000026,I000364,53,2022-08-23 12:17:00
U000053,I000448,1,2022-08-23 13:07:00
U000086,I000265,76,2022-08-23 20:18:00
U000097,I000146,87,2022-08-23 21:54:00
U000043,I000359,50,2022-08-24 04:48:00
U000005,I000186,56,2022-08-24 07:48:00
U000021,I000494,84,2022-08-24 09:45:00
U000088,I000435,94,2022-08-24 09:56:00
U000050,I000016,12,2022-08-24 15:21:00
U000054,I000417,23,2022-08-24 17:24:00
U000071,I000043,53,2022-08-24 18:58:00
U000047,I000211,15,2022-08-24 21:18:00
U000012,I000363,75,2022-08-24 22:34:00
U000067,I000231,14,2022-08-24 22:38:00
U000063,I000258,56,2022-08-25 01:21:00
U000082,I000139,30,2022-08-25 06:24:00
U000006,I000016,25,2022-08-25 07:11:00
U000068,I000016,65,2022-08-25 08:06:00
U000084,I000390,2,2022-08-25 08:11:00
U000046,I000390,30,2022-08-25 12:57:00
U000054,I000192,42,2022-08-25 14:48:00
U000057,I000470,5,2022-08-25 22:13:00
U000043,I000439,33,2022-08-26 00:16:00
U000073,I000494,35,2022-08-26 02:37:00
U000017,I000018,50,2022-08-26 14:38:00
U000079,I000167,24,2022-08-26 20:07:00
U000000,I000192,63,2022-08-26 20:39:00
U000031,I000252,9,2022-08-27 04:58:00
U000075,I000010,59,2022-08-27 07:12:00
U000003,I000448,17,2022-08-27 07:34:00
U000038,I000345,72,2022-08-27 14:27:00
U000016,I000305,31,2022-08-27 15:01:00
U000003,I000426,92,2022-08-27 15:49:00
U000078,I000448,46,2022-08-27 16:43:00
U000015,I000426,28,2022-08-27 18:13:00
U000036,I000390,67,2022-08-27 18:47:00
U000081,I000102,63,2022-08-28 01:57:00
U000058,I000035,72,2022-08-28 03:51:00
U000005,I000010,48,2022-08-28 08:26:00
U000040,I000144,1,2022-08-28 09:16:00
U000044,I000015,97,2022-08-28 09:37:00
U000071,I000176,86,2022-08-28 12:07:00
U000081,I000364,34,2022-08-28 14:09:00
U000062,I000439,20,2022-08-28 14:49:00
U000031,I000146,58,2022-08-28 19:44:00
U000073,I000465,84,2022-08-28 23:46:00
U000030,I000417,91,2022-08-29 00:17:00
U000027,I000258,68,2022-08-29 02:28:00
U000053,I000259,24,2022-08-29 10:01:00
U000088,I000186,58,2022-08-29 16:32:00
U000030,I000054,62,2022-08-29 17:40:00
U000058,I000015,92,2022-08-29 20:17:00
U000041,I000274,66,2022-08-29 21:43:00
U000090,I000494,83,2022-08-29 23:11:00
U000011,I000099,61,2022-08-30 00:39:00
U000018,I000333,78,2022-08-30 05:06:00
U000030,I000216,100,2022-08-30 05:35:00
U000053,I000459,64,2022-08-30 06:27:00
U000030,I000310,12,2022-08-30 09:10:00
U000089,I000426,31,2022-08-30 11:37:00
U000002,I000067,13,2022-08-30 12:19:00
U000030,I000357,26,2022-08-30 12:24:00
U000022,I000363,37,2022-08-30 16:52:00
U000096,I000182,63,2022-08-30 18:23:00
U000041,I000345,61,2022-08-30 19:56:00
U000080,I000109,99,2022-08-30 21:27:00
U000093,I000130,48,2022-08-31 03:14:00
U000063,I000141,6,2022-08-31 06:00:00
U000080,I000458,4,2022-08-31 07:05:00
U000051,I000176,63,2022-08-31 08:21:00
U000059,I000273,3,2022-08-31 09:50:00
U000072,I000304,97,2022-08-31 11:17:00
U000052,I000177,1,2022-08-31 12:45:00
U000021,I000417,6,2022-08-31 14:46:00
U000067,I000345,50,2022-08-31 15:05:00
U000000,I000167,14,2022-08-31 17:24:00
U000067,I000099,28,2022-08-31 19:05:00
U000060,I000087,63,2022-08-31 21:12:00
U000076,I000042,3,2022-08-31 21:15:00
U000072,I000197,36,2022-09-01 00:56:00
U000065,I000303,98,2022-09-01 01:05:00
U000017,I000368,97,2022-09-01 04:06:00
U000052,I000461,10,2022-09-01 10:36:00
U000062,I000146,75,2022-09-01 10:47:00
U000054,I000494,74,2022-09-01 18:17:00
U000084,I000218,50,2022-09-01 19:03:00
U000004,I000454,96,2022-09-01 20:56:00
U000070,I000054,24,2022-09-01 21:28:00
U000040,I000176,38,2022-09-01 23:14:00
U000020,I000115,40,2022-09-02 01:54:00
U000091,I000068,71,2022-09-02 04:51:00
U000071,I000459,86,2022-09-02 05:14:00
U000056,I000130,61,2022-09-02 08:39:00
U000008,I000494,84,2022-09-02 08:51:00
U000008,I000177,96,2022-09-02 09:19:00
U000056,I000054,91,2022-09-02 13:30:00
U000036,I000123,83,2022-09-02 22:54:00
U000076,I000078,19,2022-09-03 10:22:00
U000097,I000494,15,2022-09-03 10:28:00
U000098,I000359,9,2022-09-03 16:15:00
U000096,I000102,17,2022-09-03 20:26:00
U000056,I000417,31,2022-09-04 05:18:00
U000097,I000433,70,2022-09-04 09:22:00
U000096,I000067,18,2022-09-04 09:30:00
U000083,I000437,100,2022-09-04 10:16:00
U000006,I000041,24,2022-09-04 10:24:00
U000088,I000364,24,2022-09-04 14:17:00
U000005,I000463,38,2022-09-04 20:54:00
U000014,I000186,94,2022-09-04 21:48:00
U000061,I000407,62,2022-09-05 00:16:00
U000050,I000176,23,2022-09-05 01:05:00
U000077,I000139,79,2022-09-05 01:14:00
U000045,I000459,42,2022-09-05 01:49:00
U000063,I000420,64,2022-09-05 03:39:00
U000039,I000338,71,2022-09-05 04:24:00
U000095,I000035,41,2022-09-05 04:27:00
U000024,I000323,61,2022-09-05 11:36:00
U000008,I000146,26,2022-09-05 14:37:00
U000016,I000054,94,2022-09-05 15:29:00
U000060,I000425,97,2022-09-05 17:01:00
U000066,I000010,92,2022-09-06 05:07:00
U000053,I000054,39,2022-09-06 06:26:00
U000008,I000448,60,2022-09-06 09:46:00
U000096,I000132,22,2022-09-06 12:57:00
U000083,I000488,84,2022-09-06 18:59:00
U000010,I000426,99,2022-09-06 20:32:00
U000011,I000323,26,2022-09-06 21:28:00
U000080,I000438,22,2022-09-06 21:32:00
U000092,I000047,89,2022-09-07 01:33:00
U000055,I000301,52,2022-09-07 02:42:00
U000091,I000263,47,2022-09-07 07:03:00
U000013,I000322,72,2022-09-07 09:46:00
U000004,I000056,78,2022-09-07 16:14:00
U000096,I000494,10,2022-09-07 16:25:00
U000076,I000364,42,2022-09-07 17:16:00
U000032,I000261,43,2022-09-08 01:43:00
U000044,I000410,36,2022-09-08 04:42:00
U000077,I000372,55,2022-09-08 09:18:00
U000025,I000186,48,2022-09-08 10:15:00
U000025,I000390,83,2022-09-08 13:12:00
U000093,I000141,33,2022-09-08 15:51:00
U000082,I000092,79,2022-09-08 15:54:00
U000062,I000323,45,2022-09-08 16:24:00
U000096,I000417,75,2022-09-08 20:46:00
U000013,I000258,37,2022-09-08 23:03:00
U000026,I000323,34,2022-09-09 04:39:00
U000013,I000141,85,2022-09-09 07:31:00
U000063,I000035,71,2022-09-09 17:29:00
U000008,I000345,74,2022-09-09 18:34:00
U000007,I000346,8,2022-09-09 21:15:00
U000041,I000163,9,2022-09-09 22:36:00
U000007,I000186,93,2022-09-09 23:04:00
U000044,I000035,48,2022-09-10 08:11:00
U000000,I000364,19,2022-09-10 12:49:00
U000088,I000273,72,2022-09-10 14:37:00
U000039,I000486,33,2022-09-10 18:20:00
U000059,I000459,31,2022-09-11 00:11:00
U000060,I000023,48,2022-09-11 00:35:00
U000001,I000176,49,2022-09-11 03:13:00
U000012,I000130,53,2022-09-11 04:23:00
U000084,I000439,72,2022-09-11 05:21:00
U000070,I000439,40,2022-09-11 07:33:00
U000059,I000448,66,2022-09-11 08:18:00
U000069,I000176,62,2022-09-11 16:27:00
U000019,I000224,2,2022-09-11 16:54:00
U000068,I000303,50,2022-09-11 18:06:00
U000026,I000304,42,2022-09-11 18:08:00
U000086,I000130,77,2022-09-11 20:32:00
U000021,I000273,49,2022-09-12 00:02:00
U000018,I000459,15,2022-09-12 05:37:00
U000030,I000111,54,2022-09-12 05:43:00
U000040,I000443,87,2022-09-12 09:21:00
U000089,I000220,28,2022-09-12 12:14:00
U000086,I000054,71,2022-09-12 15:09:00
U000003,I000035,11,2022-09-12 16:16:00
U000089,I000303,20,2022-09-12 20:35:00
U000092,I000216,38,2022-09-12 22:48:00
U000083,I000056,17,2022-09-13 02:21:00
U000090,I000002,82,2022-09-13 07:47:00
U000048,I000390,14,2022-09-13 10:00:00
U000053,I000359,95,2022-09-13 12:30:00
U000048,I000097,65,2022-09-13 13:37:00
U000059,I000130,12,2022-09-13 17:36:00
U000040,I000186,1,2022-09-13 18:07:00
U000084,I000368,22,2022-09-13 18:47:00
U000005,I000273,91,2022-09-13 22:39:00
U000080,I000448,13,2022-09-13 23:19:00
U000055,I000390,20,2022-09-13 23:46:00
U000046,I000494,83,2022-09-14 01:42:00
U000056,I000036,16,2022-09-14 02:14:00
U000056,I000173,9,2022-09-14 03:30:00
U000088,I000425,26,2022-09-14 04:27:00
U000077,I000035,66,2022-09-14 04:46:00
U000018,I000429,76,2022-09-14 06:14:00
U000099,I000303,74,2022-09-14 09:27:00
U000017,I000265,51,2022-09-14 15:47:00
U000073,I000017,54,2022-09-14 16:23:00
U000011,I000146,31,2022-09-14 20:14:00
U000039,I000068,99,2022-09-14 23:16:00
U000074,I000359,96,2022-09-15 00:09:00
U000023,I000303,80,2022-09-15 05:39:00
U000023,I000390,44,2022-09-15 10:23:00
U000049,I000205,90,2022-09-15 15:04:00
U000079,I000203,52,2022-09-15 18:09:00
U000008,I000303,35,2022-09-15 19:39:00
U000090,I000130,55,2022-09-15 20:16:00
U000002,I000220,75,2022-09-15 21:15:00
U000070,I000003,26,2022-09-15 22:33:00
U000048,I000437,37,2022-09-15 23:02:00
U000068,I000035,35,2022-09-16 04:48:00
U000070,I000494,5,2022-09-16 09:03:00
U000042,I000385,11,2022-09-16 11:06:00
U000022,I000040,63,2022-09-16 13:02:00
U000031,I000407,14,2022-09-16 13:19:00
U000058,I000417,47,2022-09-16 13:46:00
U000074,I000258,96,2022-09-16 15:54:00
U000035,I000176,49,2022-09-16 20:52:00
U000055,I000035,87,2022-09-16 21:18:00
U000091,I000259,20,2022-09-17 01:42:00
U000091,I000051,33,2022-09-17 04:29:00
U000040,I000023,51,2022-09-17 06:00:00
U000041,I000323,15,2022-09-17 08:30:00
U000062,I000231,61,2022-09-17 09:41:00
U000068,I000230,65,2022-09-17 11:34:00
U000068,I000444,66,2022-09-17 13:13:00
U000097,I000391,82,2022-09-17 16:51:00
U000088,I000457,54,2022-09-17 19:57:00
U000038,I000167,77,2022-09-17 23:39:00
U000068,I000146,67,2022-09-17 23:40:00
U000085,I000130,79,2022-09-18 00:00:00
U000003,I000425,15,2022-09-18 01:33:00
U000084,I000323,67,2022-09-18 12:58:00
U000056,I000434,87,2022-09-18 19:19:00
U000021,I000439,46,2022-09-18 23:29:00
U000088,I000023,97,2022-09-18 23:46:00
U000012,I000433,16,2022-09-18 23:54:00
U000010,I000035,72,2022-09-19 02:19:00
U000019,I000399,28,2022-09-19 04:28:00
U000021,I000192,95,2022-09-19 07:14:00
U000033,I000265,96,2022-09-19 10:11:00
U000008,I000470,33,2022-09-19 12:17:00
U000074,I000220,63,2022-09-19 13:17:00
U000043,I000054,25,2022-09-19 19:16:00
U000073,I000417,8,2022-09-19 21:18:00
U000000,I000294,69,2022-09-19 23:09:00
U000075,I000023,37,2022-09-20 00:35:00
U000035,I000048,70,2022-09-20 01:38:00
U000038,I000273,9,2022-09-20 04:59:00
U000047,I000448,92,2022-09-20 08:41:00
U000039,I000341,23,2022-09-20 09:04:00
U000023,I000439,62,2022-09-20 12:17:00
U000001,I000417,41,2022-09-20 12:37:00
U000026,I000146,53,2022-09-20 13:09:00
U000054,I000016,53,2022-09-20 15:46:00
U000093,I000273,2,2022-09-21 01:04:00
U000031,I000439,5,2022-09-21 01:10:00
U000075,I000273,28,2022-09-21 01:16:00
U000058,I000054,38,2022-09-21 05:13:00
U000055,I000047,68,2022-09-21 05:46:00
U000051,I000364,10,2022-09-21 13:54:00
U000019,I000390,61,2022-09-21 16:27:00
U000060,I000333,48,2022-09-21 19:31:00
U000076,I000381,25,2022-09-21 23:59:00
U000093,I000359,61,2022-09-22 00:09:00
U000033,I000361,69,2022-09-22 00:57:00
U000050,I000262,20,2022-09-22 01:49:00
U000031,I000026,86,2022-09-22 03:59:00
U000068,I000459,96,2022-09-22 05:02:00
U000043,I000196,24,2022-09-22 06:57:00
U000091,I000056,57,2022-09-22 11:35:00
U000083,I000439,49,2022-09-22 12:54:00
U000083,I000231,30,2022-09-22 15:02:00
U000063,I000016,71,2022-09-22 18:10:00
U000077,I000141,44,2022-09-22 19:34:00
U000099,I000146,57,2022-09-22 19:52:00
U000049,I000152,35,2022-09-22 21:38:00
U000041,I000399,64,2022-09-23 05:13:00
U000055,I000141,99,2022-09-23 09:27:00
U000040,I000357,52,2022-09-23 09:44:00
U000029,I000364,47,2022-09-23 14:06:00
U000091,I000035,11,2022-09-23 14:55:00
U000004,I000267,86,2022-09-23 15:34:00
U000007,I000222,78,2022-09-23 16:56:00
U000082,I000273,14,2022-09-23 19:11:00
U000060,I000435,27,2022-09-23 21:06:00
U000039,I000368,73,2022-09-23 21:24:00
U000022,I000231,29,2022-09-23 21:49:00
U000085,I000295,91,2022-09-23 21:50:00
U000031,I000082,29,2022-09-24 01:16:00
U000073,I000459,57,2022-09-24 01:31:00
U000087,I000410,21,2022-09-24 01:55:00
U000093,I000231,7,2022-09-24 03:31:00
U000081,I000135,45,2022-09-24 05:32:00
U000007,I000448,94,2022-09-24 10:45:00
U000030,I000026,11,2022-09-24 13:02:00
U000012,I000011,74,2022-09-24 14:08:00
U000020,I000056,47,2022-09-24 14:09:00
U000088,I000310,42,2022-09-24 14:48:00
U000041,I000157,41,2022-09-24 14:58:00
U000059,I000390,3,2022-09-24 17:03:00
U000092,I000154,93,2022-09-24 17:11:00
U000045,I000438,78,2022-09-24 17:30:00
U000026,I000346,18,2022-09-24 17:57:00
U000047,I000266,65,2022-09-24 23:13:00
U000025,I000035,53,2022-09-25 01:42:00
U000036,I000035,70,2022-09-25 02:26:00
U000080,I000186,91,2022-09-25 04:33:00
U000054,I000225,89,2022-09-25 09:16:00
U000081,I000186,24,2022-09-25 12:07:00
U000034,I000130,29,2022-09-25 13:29:00
U000055,I000118,76,2022-09-25 17:25:00
U000075,I000391,51,2022-09-25 17:47:00
U000055,I000068,97,2022-09-25 19:47:00
U000043,I000494,38,2022-09-25 21:04:00
U000021,I000047,91,2022-09-25 22:47:00
U000027,I000048,63,2022-09-25 23:25:00
U000044,I000048,56,2022-09-26 06:33:00
U000011,I000130,86,2022-09-26 06:39:00
U000096,I000448,87,2022-09-26 07:26:00
U000020,I000300,90,2022-09-26 14:28:00
U000082,I000192,76,2022-09-26 16:19:00
U000065,I000220,18,2022-09-26 16:29:00
U000099,I000306,36,2022-09-26 17:26:00
U000088,I000305,39,2022-09-26 18:57:00
U000070,I000151,40,2022-09-26 19:00:00
U000074,I000231,90,2022-09-26 19:47:00
U000021,I000323,83,2022-09-26 22:43:00
U000079,I000040,63,2022-09-27 02:30:00
U000018,I000439,4,2022-09-27 03:06:00
U000003,I000368,88,2022-09-27 06:48:00
U000006,I000141,74,2022-09-27 08:21:00
U000018,I000093,43,2022-09-27 10:38:00
U000022,I000364,36,2022-09-27 11:38:00
U000024,I000346,86,2022-09-27 12:27:00
U000042,I000413,72,2022-09-27 15:20:00
U000077,I000130,76,2022-09-27 15:21:00
U000028,I000016,38,2022-09-27 15:22:00
U000018,I000480,54,2022-09-27 18:15:00
U000006,I000405,89,2022-09-27 18:18:00
U000039,I000459,61,2022-09-27 23:07:00
U000082,I000327,100,2022-09-28 00:22:00
U000084,I000017,96,2022-09-28 00:31:00
U000095,I000323,1,2022-09-28 00:56:00
U000092,I000345,90,2022-09-28 05:24:00
U000090,I000306,97,2022-09-28 12:18:00
U000064,I000318,40,2022-09-28 16:04:00
U000050,I000273,90,2022-09-28 16:37:00
U000028,I000176,35,2022-09-28 16:38:00
U000024,I000494,87,2022-09-28 23:33:00
U000030,I000323,67,2022-09-29 00:13:00
U000096,I000010,61,2022-09-29 00:26:00
U000086,I000034,2,2022-09-29 01:54:00
U000095,I000146,94,2022-09-29 16:32:00
U000066,I000345,95,2022-09-29 16:34:00
U000082,I000426,97,2022-09-29 17:07:00
U000064,I000120,58,2022-09-29 18:22:00
U000018,I000494,38,2022-09-29 18:54:00
U000004,I000359,19,2022-09-29 22:31:00
U000073,I000323,67,2022-09-29 22:36:00
U000084,I000405,12,2022-09-29 23:02:00
U000036,I000050,42,2022-09-30 00:57:00
U000001,I000301,70,2022-09-30 10:47:00
U000007,I000087,21,2022-09-30 11:14:00
U000027,I000494,31,2022-09-30 12:20:00
U000000,I000323,35,2022-09-30 15:16:00
U000009,I000130,28,2022-09-30 16:53:00
U000094,I000047,71,2022-09-30 18:10:00
U000086,I000390,30,2022-09-30 19:35:00
U000058,I000312,71,2022-09-30 19:47:00
U000010,I000054,91,2022-09-30 19:47:00
U000016,I000438,51,2022-09-30 21:05:00
U000020,I000482,36,2022-09-30 22:32:00
U000098,I000174,3,2022-09-30 22:58:00
U000088,I000035,61,2022-09-30 23:48:00
U000065,I000010,27,2022-10-01 01:56:00
U000077,I000444,47,2022-10-01 02:33:00
U000020,I000364,43,2022-10-01 02:53:00
U000024,I000141,53,2022-10-01 08:05:00
U000029,I000346,38,2022-10-01 08:38:00
U000063,I000022,97,2022-10-01 13:00:00
U000004,I000028,80,2022-10-01 18:00:00
U000061,I000304,96,2022-10-01 18:06:00
U000020,I000166,3,2022-10-01 18:34:00
U000006,I000220,15,2022-10-01 19:17:00
U000066,I000258,12,2022-10-01 19:57:00
U000079,I000390,43,2022-10-01 20:57:00
U000033,I000423,83,2022-10-01 21:49:00
U000066,I000448,4,2022-10-02 00:12:00
U000006,I000333,27,2022-10-02 05:43:00
U000057,I000397,6,2022-10-02 11:27:00
U000013,I000359,1,2022-10-02 16:34:00
U000016,I000364,68,2022-10-02 18:46:00
U000033,I000443,44,2022-10-02 19:22:00
U000034,I000273,73,2022-10-02 19:27:00
U000037,I000186,54,2022-10-02 21:34:00
U000085,I000176,9,2022-10-03 01:34:00
U000076,I000015,99,2022-10-03 03:34:00
U000049,I000494,29,2022-10-03 05:17:00
U000015,I000258,58,2022-10-03 06:20:00
U000083,I000044,77,2022-10-03 08:51:00
U000081,I000358,34,2022-10-03 11:12:00
U000099,I000258,68,2022-10-03 11:34:00
U000048,I000093,71,2022-10-03 13:20:00
U000012,I000459,98,2022-10-03 13:35:00
U000002,I000304,87,2022-10-03 14:39:00
U000089,I000259,23,2022-10-03 15:14:00
U000060,I000494,13,2022-10-03 15:39:00
U000083,I000047,58,2022-10-03 15:45:00
U000097,I000214,42,2022-10-03 18:18:00
U000016,I000274,69,2022-10-03 20:26:00
U000066,I000390,93,2022-10-04 01:58:00
U000059,I000364,22,2022-10-04 06:03:00
U000027,I000273,86,2022-10-04 13:50:00
U000007,I000176,98,2022-10-04 13:51:00
U000095,I000015,89,2022-10-04 14:09:00
U000080,I000212,14,2022-10-04 16:02:00
U000054,I000294,8,2022-10-04 17:33:00
U000021,I000231,47,2022-10-05 01:23:00
U000006,I000186,93,2022-10-05 05:41:00
U000099,I000077,38,2022-10-05 10:38:00
U000066,I000273,77,2022-10-05 11:11:00
U000046,I000044,14,2022-10-05 18:11:00
U000075,I000413,22,2022-10-05 18:24:00
U000092,I000075,53,2022-10-05 19:37:00
U000083,I000359,62,2022-10-05 19:41:00
U000094,I000016,30,2022-10-05 23:31:00
U000093,I000176,46,2022-10-06 01:49:00
U000099,I000012,81,2022-10-06 02:50:00
U000042,I000010,25,2022-10-06 09:18:00
U000031,I000035,11,2022-10-06 12:57:00
U000036,I000231,78,2022-10-06 13:04:00
U000017,I000481,41,2022-10-06 13:36:00
U000050,I000448,25,2022-10-06 15:41:00
U000052,I000295,30,2022-10-06 16:01:00
U000058,I000301,20,2022-10-06 20:32:00
U000041,I000465,9,2022-10-06 22:53:00
U000073,I000220,98,2022-10-06 23:20:00
U000062,I000364,80,2022-10-07 01:48:00
U000055,I000323,9,2022-10-07 03:08:00
U000031,I000380,88,2022-10-07 06:21:00
U000016,I000240,21,2022-10-07 06:23:00
U000094,I000497,28,2022-10-07 06:29:00
U000006,I000176,96,2022-10-07 10:51:00
U000007,I000368,5,2022-10-07 12:18:00
U000003,I000056,97,2022-10-07 13:12:00
U000055,I000036,94,2022-10-07 13:45:00
U000061,I000035,35,2022-10-07 15:26:00
U000024,I000382,76,2022-10-07 17:31:00
U000073,I000231,24,2022-10-07 19:03:00
U000053,I000433,71,2022-10-07 20:57:00
U000035,I000219,22,2022-10-07 22:42:00
U000019,I000405,66,2022-10-07 22:45:00
U000044,I000426,61,2022-10-08 03:28:00
U000069,I000368,54,2022-10-08 04:19:00
U000069,I000293,55,2022-10-08 05:29:00
U000034,I000231,88,2022-10-08 09:09:00
U000087,I000301,21,2022-10-08 09:19:00
U000021,I000274,29,2022-10-08 11:04:00
U000071,I000289,52,2022-10-08 13:48:00
U000035,I000035,11,2022-10-08 15:36:00
U000031,I000292,58,2022-10-08 16:10:00
U000021,I000180,90,2022-10-08 19:57:00
U000017,I000258,37,2022-10-08 21:50:00
U000005,I000494,77,2022-10-09 01:18:00
U000099,I000458,10,2022-10-09 01:42:00
U000018,I000253,26,2022-10-09 03:35:00
U000079,I000439,84,2022-10-09 04:19:00
U000076,I000448,75,2022-10-09 05:28:00
U000049,I000273,73,2022-10-09 08:16:00
U000044,I000274,24,2022-10-09 11:06:00
U000042,I000047,5,2022-10-09 11:32:00
U000049,I000304,47,2022-10-09 15:30:00
U000029,I000176,79,2022-10-09 19:10:00
