user_id,age,gender,country
40bf699a7773a8f95e49b3429ebd16d6f6807438,23,Male,Chile
5349eae4c436a0c8e931d21b62540442451a9eb4,93,Male,USA
79dd3510266bdf4b8a915088f91f3a8236bb8f54,43,Male,UK
99adaaa099cbf2ce744d4b7013c5d866ddc3a06f,46,Female,USA
a9ed4e21c15f4246975e2ce201e3d5e0c1d7702d,29,Male,Sweden
aee2349924e6bdd81d6cc7cf58b8ff29400b68ea,51,Female,Japan
b5e58978ddf76f40e4aaa83e5363d4f1671b911b,40,Male,India
b6ac3fb48cd19ae416079a97e504d69d4f0e5f82,39,Female,Argentina
6be2e2c5ecb57278e48505974539d64008f38027,27,Female,Mexico
6fdf89db62403f18d083675f7df02b6cc5375ada,59,Female,USA
2a17299bc5b15f559c9e951c8da468a43b3866d3,56,Male,Sweden
369886acf147482de9c576eb7a8c361a0bf7065c,36,Male,USA
496247d984fecacc75cbf3d19d7e800ef130a8ce,26,Male,Canada
5817c9ec3db7d41c038bc56b00017b41b48f39ef,40,Male,Canada
68906e3f3178a951958c317b9d759354e9e52831,29,Male,Spain
8330220decd1f0b19edd126abaa7748bbf86771a,29,Male,Sweden
905ed278026ae37577bea74e22101f5221e4beb1,28,Male,Japan
96062ae405a1c2b81848ab314c8c496685a04f22,48,Female,UK
a2556179a75c9815a8542b85172c1b1edd548e19,85,Male,USA
c96a98d913831acb3a6507a6952a481b2770afaf,30,Male,UAE
d0e8d0f9c5bb764dfb06fda12df2ce1d9d69dfcc,37,Female,USA
d6c4dcf44deb3128e66317aa6dc26b93601321d4,34,Male,Netherlands
f93c69e78112f7f60168bc0adfa3c4206f23015e,40,Female,UK
fa3907a3f0557dd45b02717fa85de6842cf3c47a,51,Male,Canada
0e80f5a7d2e7860806ca96f81ed92b5e3b4b357b,36,Female,UAE
335974fadd38adcaf11e7b2803cd43741e8c11b3,28,Female,Poland
47ca7669e20424f43c60440fb6c9f866caa4d54c,45,Male,Netherlands
51415f0b9736f601e0b7f88371213a0667317bc1,24,Female,Colombia
a8930b29e9cacd5650a365625dc2a15575e1abdb,30,Male,Australia
b6d2ef589309715f7090831d0ffa1d6f971694c2,56,Female,USA
c5ee22404224ae38e983db8d04a838e510bed84f,59,Male,Germany
18a1f345611137ddf7b12d3e5dc1467a5c272a14,53,Male,India
1a629d6bc794a9c68ddfd478948d175fd923658d,28,Male,UK
5b8990a2f67c24acfd04e655685f0fa4f847ab11,24,Female,Canada
aa2f8e7d9cb272a76af25bb3427f33fd7df0d54c,25,Female,France
c75c1c4a0bad22daa3f57820ae8824d180358e21,34,Female,USA
090f950d89376aaaffbb80b83ff2726b009d82fe,26,Female,UK
0a1a035d2157a65759cc2e7faa47a4980e5708b3,31,Male,Sweden
0d27e678b842f35397d2adda0c1a24f3cdee99ac,35,Male,Canada
1a85c19189ee37674284dee11482428788a45a0c,20,Female,Colombia
1bbb974e19200f92f7fe6f9b022c2698b0d16e5c,26,Male,Spain
29289dacf8ecde8cb4e82e3fbc53f0783f5ce309,38,Male,Netherlands
34a562d23d41e5cb401f3359559544ff8cdcbf68,36,Male,Japan
378d0032b20f8445669640f3f2cdc0e73d08bd10,44,Male,Colombia
3932c1bce702d1e3781239c2a480bcb40c68b31f,41,Male,UAE
3e66fa39f7e562193856e2e8aeabebf1541da09a,28,Female,Canada
43be88857b365afe4c4556d1d19e61911d1cb9e4,18,Male,Poland
6b80a068b490c45ff9e7a0c34aadd21bea7ca0f6,49,Male,France
7ace6afcb600c0dec835bce9b1555493db2dddd2,19,Female,France
8138984cac08c2c461577d6ec1d45a53a9739e86,27,Female,Colombia
857e48df7a27568cf4409d9db1e5dc739a28240b,18,Female,Canada
a3eecc63a777ea52b367d1bc8a4335ae7ba04efa,18,Male,USA
c2b8936d779cac7416c9447352cf124cf1410c11,48,Male,Canada
cb2458b9e6af37b7bb1fe869167e357b0e342b1f,30,Male,Netherlands
dc58ac63486bcf289dd48f06f0a6a4705e5791ba,52,Male,USA
e97d3853d800888aad86a677ef8770ee05ca28a8,27,Male,Japan
fcf1a563b8b5498f1eb195407cdaff26c28012c3,33,Female,France
2092a4ec67da3b0b81f403b0f6b42de7396fd3e7,56,Female,Canada
21c78699caaf5078d27eab10247bd4e99ae03843,88,Female,USA
3efbb5b9bda4b7aef69e71a27b7798aa7d63d117,54,Male,USA
883ddab7c75c6846d7032a3fe6bbd283d7fda7fd,26,Female,Netherlands
ab61c13a68242eae9066e6030133b88f8f3c8fb3,63,Male,UK
c3d7dccc0dc9b43ad65657b136f83a121559fc74,31,Male,USA
dbb4f780fcacd7486792802d90c4f0420137abbb,30,Male,USA
e85948a50a86125d6e0f8ff1ac270c007295e7b6,30,Male,UK
06be71c4bde9c65c47ac7d8036892fd7ae455b5e,38,Male,Japan
0725a24db0c1a8e5084c18f7f7497553619c4262,40,Male,Sweden
082b770bd94311db3d3130cb000d55fda59bce1c,18,Female,Netherlands
0abc7b26e61609909c5cd8dec4668b9c9cdfdd3b,32,Male,Mexico
0e75ae7e3139027d588c0646ee12cf4bc45fa6a5,30,Male,Chile
13f0cd5c82e175d287c679caed4b4b8119f42ba2,48,Male,Brazil
1822649eed66ad3ffa4deaacd3c01cb9cd951137,18,Female,UAE
1a566c9e40e1d67a14df87cc350d0ab37ccc1d9e,24,Female,USA
1bacc9db7e44c8ff900882194520ab917028458b,39,Female,Spain
2242084e36b24f00b48b564701e2eaca4e8d3dbc,34,Male,Poland
2487efbc104b155c4c2959bd4134acbe96db8b98,28,Male,Italy
2ed31a0e780ec28b2c364c2f35e8800d8f0ab806,49,Male,Colombia
31375e09334110254c900b6c3a94191556ba8e4f,25,Female,Germany
35c8d202389b49068f16422c937893c6746b1ef2,18,Male,USA
3a2ecf6df88e35d698b35da126c7d2b20eec5e22,22,Male,Chile
42a787e6ede0af3f4bfbad95aa913de11004899d,70,Male,South Africa
452ef6a15764b8cf58f13ecafddd94989ac69054,64,Female,Argentina
4b5eddedbd5dd5eeb88ed0b679787183bc1505b7,64,Female,Spain
4cb52cab2ad4259c54bbdc09dd385377e6faab70,36,Female,Australia
4f0355cbae50528f55cabd029cedc1f6cfea0f5a,49,Male,Mexico
4f460a8090318c9f52c6b4018e1f12d505d97777,39,Female,Netherlands
53da8f6bccc98735b6c285c651478825073a4ad2,42,Male,UK
55149ca6dc5056cc6d5ccb17d8cbaae86ee0b76b,24,Female,Australia
563cd53f3355499ab2452458d3619d1fc494b28c,30,Female,Netherlands
5688587c834c2ec3dcdd162e04c549cf765a7177,51,Male,Canada
5c6d0c669c7be5cb80b0a07c968b15f62865c568,53,Male,Colombia
5d16729ada20b9d1eee05e5f4928f0c12136b1f5,31,Male,Sweden
5d80e01985691400b8a27b4de2029567c745f2c2,58,Female,Canada
5f9ddb3204b345544c6008639c63b53bb38f94c5,18,Male,Argentina
60682f566c28e5968d9dc05b144d472b87fddb56,37,Male,USA
62373ec258d7b6237afd9f643acb402288d3a734,48,Female,USA
6b271051a1eb984d6f6ba6dcfc8bef5ea9919f16,35,Female,USA
6c1ebf82de607e448c1508ac511026227c4cdeb5,24,Female,Canada
6cb607814a904dc933ac0d22fa8a101f878ed7b1,20,Female,Italy
6e27b45edb512c52a470f02e7e7e99c5da6795cd,19,Female,Germany
6f6fc20a53ceb1029c3babca38a466f31f1a11ea,18,Male,Sweden
707001b0789fab71ea6056e4dfb2b7cb5ecc6f5e,58,Male,Mexico
71809ec16d7e8c583c16c5cd1f30b5622585dfea,25,Female,France
779890cee7e1a18bfc02438da2fb821bbed4f554,26,Female,Canada
794d7b5d0c7d2cd169c9ff15590a405a88ca6b59,52,Male,Sweden
794fbbe7176eed82e803abc9b63d84de3001a1c8,37,Female,Canada
7cdf1a91c645ce3e9480e01c93fe3d69fe5856cb,47,Male,USA
8c6a10aa7abb8926fa689dedc62f4547bd77e2c5,36,Male,Germany
8cef0b4e15a91fc825ed9137d6138e977010a163,44,Male,UK
904e890edcbcb5cda2b083586d817e6f0b343e1c,23,Male,India
910f70d1f20258e9bd777c77922fe4d551fa31d4,52,Female,Sweden
a24cceb84d1fdb703e2a14b31db98dce0cfd243e,28,Male,India
a36e511db4fd2fb76a7f51a29580011487490a2e,29,Female,Mexico
a4a937a65339934c21735b8f67eed250f6325c88,20,Male,Canada
aa3d9e3aebb73f00c2610f325718e92ba937e912,54,Female,Poland
af832f957aea5ab74412eaf29cd5205cb65c6ef2,30,Male,Canada
b78b13f07b5d3963d10ccf780b20b8486c427ef1,63,Male,Sweden
b7af942874c57a0e675ae096846e4a273c82a887,73,Female,Sweden
bc54a7483f0cb5d77a5b4fe6f643bf5c64368770,26,Male,UAE
c3b684f36954fe236d016444200055127c821351,29,Male,Italy
c6088decba27be8c9842439150ecc714d040e67b,49,Female,Mexico
cb012b8745dfebcc539899fa279a3bd36a474b2c,60,Female,Netherlands
cba549ce530d9f19618f4fa7e9fbfc6942dfebe8,35,Male,South Korea
cea09957e05141b8148f969a431dc3467d0e159b,29,Male,Australia
d49c940bbd59eb18fac11c85088555dca60e490e,19,Male,Germany
d4c39668cda38882e615ec378792b27c346274d8,36,Male,UK
d4c86e30a60740add78504a80ecc2d0f8f7e3b86,40,Male,Netherlands
d4eba2e8d85be52fbf52c8fcda277a4ec5b2e7a7,43,Female,Chile
d9dfe87605f6025ed03906249b714469f77fb404,40,Female,Chile
da52835835216aa7ce1c9e84bae9594b38584ea1,63,Female,Argentina
da806bb473b494c7e0df529687798439b1603b84,25,Male,Argentina
dd40cbf3653a183f31ef7da4b9f7a215f46c624b,33,Male,South Korea
dd620283d029760d53735533bd9b2aae970e0df6,24,Male,Poland
df9cae21a607274dacd864c01cbc2a7d4c3f38c6,49,Female,Spain
e16a4ddb3d5af89d23e98c6be087967d79906584,19,Male,Colombia
e25a2802c159772ba3668ab6013d24c9b4cf756c,43,Male,South Korea
e396fe05918180624c3c672d87136e54db04b4db,68,Male,Canada
e5652eb142b92fa8ce8d068df40ace5356dc7bbf,29,Male,Argentina
ea57039f5a6745b6504d01bdde4905f323b5c20d,20,Female,Germany
ef50fea0bdd0259c4b0b54c50a4246f222ff2e87,60,Female,India
f0c6b874474a6aa71d936a41fa85b9106d25aec5,62,Female,Spain
f40fcefa88a65edaf2a4fcbed7b24b4d34f0f93f,19,Male,Canada
f5c10309ec056529fc372a3b5c97934189e8c182,30,Male,France
f9c701144df2a3356a2d7aa5a997684a55a8e68c,87,Female,Canada
fa91cf3de4af9fd83b3ae389976f8b34d383aa44,18,Female,Sweden
fe14760eb0a245a54ddf4fef70b05b47e2669053,59,Male,Germany
ec1c228cf32a92697eba681da6ab841915ad6e9f,47,Male,Germany
07ecb24ab599b9420b46fc2f88401eaa6f56ca7d,41,Female,Mexico
844a702d3d945f9a52e34d367ff1d5a0550a2897,46,Male,Sweden
aace4a139199c5e63f39d69a778b3066e587b17a,26,Male,Canada
cb2f60301281f985bd869e74deacc6d0b8bf38ec,56,Female,UAE
10b36f3857a49f3566d0ecae42b698e217233b4d,21,Male,Spain
3c370bcbc2e9a229e11d2643ae0570588f43c5bf,33,Female,Canada
71e02680a53769c56b3e4247cc833ea0deac9a4e,37,Male,Australia
fdf5b85477e7820e892de67102d24a20c3913a24,38,Male,Spain
ffd74126a36fa4698045ee122b2851e54cdc9b07,25,Female,UK
75f6e83c56bae5fe689e5ca39e6967dc8233b49c,21,Male,Brazil
0eef4ce986930d62616070cdd8860ebf2d5ef2f4,30,Male,Argentina
3b2ba2d0f200c28d21dec603ddffecb7e60999ee,18,Male,France
44f0b63e24476a96e5236955b69c8e4d35147337,33,Male,Canada
946d3efe31c0c0c548594a42e2e34e49f37f9da8,44,Female,South Africa
bd9e026b3071b1b259b186e045209368e37416c8,42,Male,Canada
c53e0eafa5f6f6d90c96b0f799ab5c0d63f1a9e1,45,Female,Canada
5a200854e0b2588fdf93b5c33ea3a94260f2c344,56,Female,Canada
78a15b3a3c58ba60507f22251221068351c7fca9,29,Male,Canada
0325b351890379093eebe2e359a0faa288ec0979,48,Male,France
0470b8778fb03a21df585d69e05e15b1a49c2377,63,Female,India
0754f4d840596b7c7a08148a561cefff1e199e5c,65,Male,UAE
0abe301f12bad18794e01888ea17eda48e06c6a4,19,Male,USA
1091910151387b5498199c388e14f7e90cd66577,36,Female,Spain
14994a6a2eb88d119a88a23ea102fbbbc0d61ff5,70,Male,Canada
185e93788ba3c7119063730019dd8588b09803b7,26,Male,Chile
19d4d45ae0143cc34b58936127e6f2e0aad2bc38,98,Male,Brazil
1b083d9ea72b9d0b4325eee047d474e6f3ea9ac0,59,Female,France
1c5ee2578cc34862f7161777aefc834de2ebe072,33,Female,Germany
1da9c6bc694530a6ee56c584ca442899303fd7d7,44,Male,Canada
1f372ce2261ce7a358bdd3c81265448bff4a670f,46,Male,Canada
2039b184632b78fd63bc485ee35e3618c9b2999c,27,Male,Canada
206be066e34c98d8206dd5c4ea4d52ebf0ae2d5f,19,Male,UAE
21a069243dd0e8975b0bea193ae4ef4d2d937118,63,Male,Germany
237628e6ed99a4d0f90be384433c9453ce4c1d51,59,Female,USA
2411772134e42e4b842e39726ce20c5272f4f9de,41,Female,Australia
246b198b8dac4deeda634331bdfc61c1ecd3de3b,29,Female,USA
259a19d5db57d4001f7720f543848178b7ed1511,42,Female,Spain
266aac47744b0ef6ec43649496708e78ba5435bc,59,Male,Australia
28985bd0702356cecc6ab5471906dae81aa9194a,20,Female,USA
2cc5b7a47bbccf309d9461e3a7c95783e3907da0,46,Male,Chile
3225aa0124311bd2ea560033f64d3193bb2c484e,62,Male,Sweden
324ae194076de02574994c44e035f490a45b2442,32,Female,Italy
3a443f154269f41390c346221141bb80497c97b5,28,Male,Argentina
3a51fdf5038c71546acc3910929c6895251994d6,86,Male,USA
3e77091666e601822004f593a1db66c8028104b8,27,Female,Colombia
409e2e360a741f8a0940789a54f9811ca3a7aa7f,22,Female,India
41153c68e628d13c20b81bcb53e566d757cafdb3,23,Male,Sweden
44855bfb41dd840567b3a728704d41197a29eed9,48,Female,Colombia
4b7c4ea9a14037459a264f9220ee67764d6e708a,40,Male,USA
4eec4a26ffc2459263467e5684c9b389493d740f,44,Male,Canada
4fc7aa44558c049ced6dfcadd2d60cb85112c3b9,44,Male,Argentina
51daf6e76ddd8dc8a652219f6b5b6bc4fb601256,28,Male,Germany
52307dabf405f60ae247d2bb1d620f9fbaecdbe8,52,Female,South Korea
55180015adb01537fbd70c0dd7b60a168df8af71,60,Female,Chile
591314310c3102abac24796c3646864fd37c46e3,27,Male,Germany
5d6549c9310310759dbb9802b1e62f439011dc36,32,Male,France
5d782f482cde375f94a6b701f491b52dca0a5322,29,Female,USA
5e322d18eda3c2af53f81fcc780b567a19958708,34,Male,Italy
5ed8fae2fbc1e24059abbe11963a0c377715e7b5,36,Male,Sweden
6d292d02c84f957b866079703bdac2d2a12b96af,45,Female,USA
70b74889944a36b0dcdebf0c3ecd314b9266e42f,25,Male,Canada
726e77458e8c9de84e9fab3b661926e8a58b118a,39,Male,USA
766977e6c2747d509733d5f38da22e25d1ce2b33,28,Male,Japan
7a49a4d28d73e47ceb1ed3439909cd96bfb3aaf5,31,Male,Sweden
7b5ab9a325cedff9bccb03b678c8dd666234e913,62,Male,Canada
7e96216098785ad5ab9e020b569b6e2591e3f9f6,34,Female,Canada
7ec972711541eb4dc179a04f2a36f54db0a58b80,20,Male,Sweden
7f8ea5a5f0c12a4941fc5b62124f5cd2dddeea8e,23,Female,Netherlands
8208bcd2e7fafd5677a6f0dba3ac8f0ade30d963,21,Female,Germany
8331471906e7d16be0cd149ccb8928afb28994ae,95,Female,USA
838046bf7fd2790e0f3ecc972e80b09ce5199836,34,Male,UAE
84cedc8176eb079e0170d169f053f0378987b604,42,Male,France
886774eb6b85abc7d3f893dc61d932f7578425f2,21,Male,Germany
8a4d6337405836688bc4487c908f6d8483391239,20,Male,Spain
8f4fa4af360b0cf5c83515613f26a946f60ba9d1,40,Male,Japan
8fa60059125ec22a8deb3a2b1f3d225a7c59bda9,25,Male,Chile
925e29ec9b0a14d3e688dbe0a5fd0bd8e2469bef,43,Male,Canada
92bf58be1d802115b85ae127a0007019d799ae50,26,Male,France
9998e4594c1061ca30e88f1f77a47460f45e725b,49,Female,Canada
99b8c4a98daf90dcb1ae6b03980df20f05bd3c3b,23,Female,Japan
99ecaad099e811d5a9a6207f36738ff2e8939b9f,34,Male,South Korea
9c2b948f264fafd4f0dcd5232823d6b2cf5e90ed,40,Female,Chile
9c84ab0f604d11ecabc7c8b3236e879cbc27211d,34,Male,UAE
9d5e4196ddbfe246f028d4efe7053e00eab7cda1,25,Female,India
a08a95c4724282ae2e4046e050a189bab8619b54,24,Male,Netherlands
a0d26046c585210e06fa44c506bd93a6309c4401,21,Female,South Korea
a3bfadd0419c654dfe7cf5c696e62bd9f84e3777,43,Female,Canada
a491d5e4ef083ec884747261b8b82db8194ef23e,25,Male,Canada
a54dbd04b25732392538972c7abb32bec60e4916,40,Male,USA
a6f807cc2e52ef070b7265ac76be4279f10e1015,22,Male,Germany
a946d4be044e163823fe9a0211aa4824ef747899,42,Male,USA
a95a597e1db36f843eddea30ad842e01278d3faf,19,Female,USA
ab45bb907429add8c7a65ad46904c80ba7fb7ffd,39,Male,India
abf7763fee44f4e10bd76ed4adc5642e22cc5adb,25,Male,Sweden
aca18d75040096108027bd4c8c0fdf7be94b6a0d,27,Female,Canada
ad3b05276b01224630fd52bab7ee6575f6dfe3f9,42,Female,Brazil
b1f4034a573c66c900b85dbde9dc7668465d208d,34,Female,Netherlands
b20a2294064f68392a2ba8c97ef850335d24dd6f,81,Female,Spain
b2e69673d2ae14460d76a66eb271e862af283b9f,25,Female,France
b40ca4d93018a701a6a4a7e5f1506c17911bbfba,33,Male,Canada
b4f9c42f4c53cd0f19fe37fdece3a5e2b7bb0ad1,50,Female,USA
b7970764e85f06439bb1bc53e78b98be0a18f4f7,43,Male,USA
b99f64067ba2d0e61853f168cd2373213c9047a5,18,Female,Sweden
ba9106e55f32f41cff59412bb0e18243a38f9ab4,23,Female,Canada
bd6404d9ba0bd05d99a864062f9677d0f7f203a3,23,Male,Netherlands
c044875802b2e0f4cf3a5ea728d850514b0e0bf2,21,Male,Netherlands
c2fccbb4b4af32f90f5c71ba13db5f0df18ff2af,18,Female,Argentina
c319acb9a9917b02f33b6770f7d5ca187b45166c,33,Female,UK
c482c9fda0c564494d1e297841fc12f7550ea533,46,Female,Brazil
c92feddfc5e11561cb12ae7fda94f8bb957688a1,35,Male,USA
cb29f40b44d58c903f6a44a21d4226a0471ecccd,23,Female,France
ccac30ee69a222ec80205896167589d933ec31f6,58,Female,USA
cd1c8b7f69d7bb102bd050a7594f96d5c4c57734,23,Male,Canada
ce388c95e2ea75d79e135945636be5377c2c7aed,25,Female,Germany
ce77b66ad4c8af8de848fc8e336004ab9407073a,45,Female,USA
ce805a82318e178a9293da5cfe390b54898797c5,41,Female,Japan
d28ea096275f5641adb1fbdaf2174f98b8ff1d7e,28,Female,Canada
d2d6d15d8258e249dff64c2c08ea1fc1d45bd4f7,27,Male,Canada
d39173376204b9244f24cf679336b4ab3db335db,21,Female,USA
d499b352aa6539f5187f83adb9cff081cd43a56e,44,Female,Italy
d53c625002b933780a275244f2a3d4542aaee738,27,Male,Canada
d5786855cdbf5aa5c4dc1a8c388cbaba02e5a857,57,Male,Mexico
d836e7d34ba2cf792e8ce17f74cf6696baee72a9,44,Male,Spain
d8425b3f831c635a9732992eb7952e29ed335495,48,Male,South Africa
dd191178883d372c2242c5ac384b4a64dbacf82d,35,Male,Spain
e019017bcceefdf568f8f5180a3475a122d43848,41,Male,Canada
e1f241e10c55cd51c4e54f06b800590ef3281014,40,Male,France
e36ce21093aa459f12a496aa518dc077e59f8ae1,46,Male,USA
e47df68f66a40fc8b80749d5c21680beeab09487,46,Female,UAE
e85672245b2177cbf8124011fcfc3fcc8d7e25ef,19,Female,USA
e893bb145b245c5d66e7edbead347126fdc928bb,36,Female,Mexico
ea04126fd6025f0f69e1f9a65f775bdabf3c4f80,18,Male,Brazil
ed7981b12d4000133b9e9fb268fda7dc7349d053,25,Male,India
ef1e7ecec158bf8a21e9944beae811c55ed8563e,20,Female,UK
f1a2f113dca06f9933a3a60718e3357e8e80df0e,49,Male,UK
f1fd147ea7c503f5d9a6b5250cd8a8791d8f4b62,25,Female,USA
f24a5cce697b295c846f475c71043f4104f0c71b,39,Female,Canada
f3fc9ecd9540f351611bc85eb1f106166dd57e7f,62,Male,USA
f4d03888133b76f37b4a42383f11028d9d366e2b,34,Male,India
f5baf10b23a13fcce9aa311bc41b9660332b06c3,26,Female,Netherlands
f86bb447b33f8ee6b80efd0f509dcd38a0b38f24,20,Female,Germany
f882d9d7d6e3f240f0ccc471f75b2d44850f51e4,31,Female,Canada
f955087546e7de65dd2064c24ce849d64540eda8,44,Female,Netherlands
f9e6072ea876620bba68aba8275a439b670ffbf1,57,Male,Netherlands
636702fd7e10585c94953e7a8fda69dfbb74c379,44,Male,Canada
00546de8971645143eead323561d0298d5b0f2be,56,Male,Australia
007f2eb32edb7eaddb81dd557c0cba8b0e07336e,32,Male,Mexico
01260ed16c1285743529596dd13bdeec30964ca3,25,Female,UK
01bade4acca0f5e289291de2d053f2c01853c720,51,Male,Canada
039f0820f316d52955e52e8a835fa0470df77702,32,Male,Italy
04c050b4f4566245dee19a65b476ce97fe23e3a5,20,Female,Germany
052896bfd008820ad932132d83e1066d9ba13dea,34,Female,Canada
06669d8de71b1dd0f60b2c9c8c1271dc0274b156,39,Male,Canada
069580ce04e251e5d1cb96a153b0b7e0ac5650b6,42,Male,USA
06e70527ff583414115e0db6c1f1256b74548896,41,Male,Canada
07130ede04315021f051fdfe9539bff1c954fdbb,52,Female,USA
073083cda813ab2d717ad0cef283f9fb0f701d1b,36,Male,USA
0a90ee2f61f99f88485462e3d2ca711626e5b71f,28,Male,Canada
0ab26808357776246506f236fc19fa7aca0334ea,29,Female,Canada
0be561b2480d8d4186582c3c469f1a3dfee987f8,23,Female,France
0e648ff81dae2acf75f87f9ca81e17059480e828,26,Male,USA
0eafeb9de9460a08fe0a0687139e51f038b897e6,37,Male,South Korea
0f7dc1efeb96c38bc88af19aac18f4f53fd7337a,18,Male,South Africa
0fa2581225fc8507469ea16265dbd507727ed7be,19,Female,Canada
102646400ba7205921b66dd19fa599cca10e18a9,57,Male,USA
107991d70442e6c4efc2a2fcb859e236d3ba5263,46,Male,Canada
1107dc7c9f89d4a14d021983771daa6af4ff6715,40,Male,Canada
117dd9a2faeec3534f04cd3b925fdf9619f9063c,30,Female,Chile
145e45d94b03504f19d085866672ab8a2be51f02,20,Male,Colombia
1549f8329a9ebe793b1cc1e1acbfe869f740d08d,22,Male,Canada
1617dd6cc798ac58bdd7ba4bdbab35e1682d3fe5,27,Male,Brazil
168abde31af9549a55e37ee0e91f59336c1b1570,56,Female,USA
172725223df56d930bed783c286b4c954122ad1e,34,Female,Argentina
18a5ad7381e18eb2f1de051e428efdee5319b63c,61,Male,Colombia
1ad04581f10f7716ae4e09c58537627ceb412633,57,Female,South Africa
1bdac23742edd7dea7113ac6953e54629e655f99,51,Female,Canada
1e4d90820c999afeda2a2b59e0c8d9bae964636f,30,Female,Poland
1eff40e9ed2bd0ef4d310153627a80f7620f113b,44,Female,Netherlands
203241441c2ff2d7e7adcca7fa0fbdf71dba5a1f,27,Female,South Korea
20993e2241434d35f7a2d1c03ae3408aa6ab7dc3,28,Male,Italy
2126239df0e19a4a35d6cbcc41c903cf0be8e3f8,52,Male,Canada
22824188879e737903a85fdf4fa79a9ab4d34010,55,Female,Chile
232caf31229ce61e1f7b384ad91f2f71d45ef15e,55,Female,USA
236603cd2d2ffb6f7e75d37a1d6cc18421fe71b0,25,Male,Brazil
247155c50f7c16c8ad85bcc79c38086451e8f60a,26,Female,Chile
27ddb17f1f1d204c3680b3c6364c44017a895a95,32,Female,Canada
2a32d7df78ccb60e02eaef69a2a8b7324d3dafdb,62,Female,UK
2ba9d83b94a0765e081cbfa60c49cf972cf95789,29,Female,Germany
2cf55bcefa89c42b513e8fb4f9ae2a8706e2add9,27,Female,Chile
2cfaac5ad7713e788b07a273431bb96a042bffd5,41,Male,Argentina
2e66fe2291c9808084209943bbeb7e62d83e9089,37,Female,Canada
2ec52c15a04efc1e85915b5969388cde7350c79e,39,Female,Argentina
2ee0cc582b834bac3228fda6a59465ac779840f3,37,Male,Sweden
2f88c640073cc96a08cf07eaac6bd1ca0884c0a0,27,Female,USA
2f989fc6a711ceabcba21bd253f582941c7cb0a3,22,Male,UAE
3070957fda14cef351554ca05c6f554b0a94309c,31,Female,Canada
30d369591b999f19c58c116f98aac8cadfe4c08e,35,Female,Italy
31a515ca0f3005a50fda47398e9fa344562fa509,46,Female,Poland
3508ae2fc1101dc4b2b39d9f0da3942300309100,87,Male,UK
355bdb4b63ac5ab7e7a8da0d0f7af7d96e62cd00,37,Female,Canada
35f88e29756cde21ac0588a7c43c5ed29c232781,32,Male,Canada
37b0d32ed48ccdf7790fef90dff54f9e1a0bd678,36,Male,South Korea
385b06b0650b0a5820a5c6a1854b9ad16bfb0476,38,Male,USA
394817b1b408ac52e5a36a7c3cc5d7b42f003a51,30,Female,Germany
398ab54d0b1893354507c424e44e1e7f3bfbb066,28,Male,USA
399d1e9bc1ae37682640a7f8516080ba1d2a23d7,26,Female,Japan
3a89e14234f6c3dab92a565cce45d50ae5609357,22,Male,Japan
3b834cdb9253f070a556efb1ad0d9439eb68e0f7,28,Male,Spain
3c2e687eb5245b915f4418c608a72782d11b5ffb,20,Female,Colombia
3c64d7dce56c75a54858e0ef7f8b429696cd8e0e,45,Female,Australia
3d09567f11d695c34709c7bce6a5b4ac34214a02,37,Male,India
3da9af7bea6dc0f3c1e60a06cbb5faeac5ce9fca,54,Female,Poland
3f217bcad2dd4debf2508662041da4f88a43715c,29,Male,South Africa
3f51bbb2c3bc2dbbf9df9ba44ba9ada1cfb663fb,33,Male,Netherlands
3f51f755438541fd3430832c3512c702023d22c8,23,Female,Netherlands
3fa0447526c3dbde7f741c2f0520dbbe6fd3ec5e,25,Male,Brazil
4019d7733715f72dcb823e9f0026a5e7447b032f,27,Male,USA
405c31ff18da4d95a663202d56b315ec0f4f7e35,27,Female,Brazil
40e83f21b160f802a6645519ed8d1df7b0869a2c,19,Male,Spain
41949554c21a14898a486278b52940fafda36ba7,93,Male,Canada
429d08d78f3e69f9f28d5fccb8c80a993cdb43ed,23,Male,Germany
42c937c5e36b32a56bb573d4f3eda5fbf7dc705e,80,Male,Poland
444877bab71ce139e597322982ea9a2e91d2df0e,27,Male,USA
4468394b01379b97eb58bef6ddaa03cb08236d04,59,Male,USA
4511d86c488f0615f7229d5f270d9ebc908cb7df,39,Female,Netherlands
46fcfb427a9181bf975377eca4fb06008ae7904d,38,Male,Argentina
4762511c49a85050dbd93b80c952b74ebc362f96,37,Male,Japan
47e3bdc9f659b57575ba776566a01d5cba0aea07,54,Male,USA
48ce6c1f70109b27925a00b8b9bd3d4855a09c89,44,Male,USA
4afb6aa22e587b13fb1e52aa23a82b6a3fc7964b,42,Male,Argentina
4b19b5615d549a64da0d140bb365583517a20c9d,25,Male,Brazil
4b7aa76151580ab907d8427fb709d0827b282eb7,22,Male,South Korea
4ba6b52a652ac403ce01630558268e039d5c24eb,84,Female,UAE
4d3cbfb6228d37b52eadb594b079efdc0962410f,19,Female,Germany
52df8dc950583fe80227bbb2c6fe5df6ebcc91b4,21,Male,Spain
536908a9d4f2887b54eb2b38dc9fa438933ad7be,39,Male,Netherlands
53e614ddcad42b9ae7a871b2e6b9707d4d2587d3,33,Female,USA
54257e58543e9f0463dd35736a3008f5c2b1f964,54,Male,Mexico
54b0e8199d924188bf6f9a31f1582b8282e9b06f,58,Female,USA
584d433255a2dcfea644aebf8a2420756bee0487,32,Male,Canada
58d7aab982eebe28b3f38aa75f6a565a4dbc2b38,33,Male,Sweden
5902f3b2dc5727a691840f9813efd7c525d9c58f,51,Male,Italy
5a2de90adefa548f11490e0ed306c70608375915,29,Female,India
5afc5df4649d4ffa51592ac11fbca031f7967a0e,54,Female,Netherlands
5b4bb00b0902c572105b587b65cf66a75d7e52b6,53,Male,Canada
5b929505c8abfe11dff3dea6993b4ebff91f00f3,32,Female,Canada
5c745a0367058933ba84e0c7691e9021f4c3b707,23,Female,Mexico
5d44794dba5a7e6f879fe5d97f116da0e92bc1d1,34,Female,UK
5dc897659cb2b27a6b35f7d227cf8c060a9bef1b,31,Male,UK
5fb87b4e2c24b310d53539c9729feb2630f6165b,34,Female,South Africa
5ffb6d84eb2b69b63fa1a92e5a7dfe68661d6e92,26,Male,India
604e25cd40231d452a65068cb84e1db98139bd91,48,Female,France
6085ff3ab51757126c85443751af7dde6279f34a,25,Female,Colombia
648a60111ad46cf1ba5b6472ee36bb5d05aa9527,57,Female,Canada
651d80693d05c35721c9d65671b18c59e1b820cc,78,Female,India
6573589243449d8cb40a20b8f2ffbc2089d9d446,41,Female,UK
657d347dc13cd6bc36cdc669270564009cbeda1d,34,Female,Italy
6a3ff88cc653cd5f1c8c6b8abc23ecdfd171fb53,57,Female,UK
6b4e8b195bfc1d3149680095eebd6e613ae63ec2,19,Male,Canada
6cd8bef7683f38a2b10bea301476e6c8f17ec982,19,Male,UK
7050ce8629ba9df9a56db4ba0d1d2bf8e73a6d30,41,Male,Canada
71bb2b74e4ff115daaff6a3a6aa9fce8cc7bc265,58,Female,Chile
735875494db58ad8d1c2cacc350a644d2bb31055,27,Male,Sweden
7395972dcf2813c9fae69e8fd597b9c3d4639121,44,Male,USA
740b88dbf3b6e5e44262e416c23fb9441a1d333f,37,Male,Colombia
741f4ca6b3e1c0efffb41c455ef0fd8cb35cedf6,26,Male,Brazil
76c3874035ddd103f219b4201887d8dd7b8dfb81,41,Male,Japan
76c98a57ca84127ba7ce2cffaebdb21289ebaadd,39,Male,Poland
782b52441ff7abb46ca4c23ee526f8c0547409a3,95,Male,Canada
78b96f99dd6e9dc24534b6052e675c7b2018ecf6,54,Male,Germany
79967e7c586ef3c0910d255ac0c85f870876e5a8,51,Male,USA
7af9f31707123fff3cc255a26a89f0d1f495a7aa,41,Male,France
7b88a0b2c66e6e076178ce161acf5ded07b932f7,47,Female,Canada
7d5232ac34ac28da0c87de32dfda82c5bdc10834,65,Male,Sweden
7d7a45b40565d0dacc6a1b2781a1f789b079f60a,18,Female,Italy
7d881e8ee1f18a88afb5da90762b08f2430d5a34,28,Male,Sweden
7e09405149d676466c9f21887707364ab73dd02f,19,Male,Chile
7ea82563dbd5582dd4455e0ba1d5cdc8e7ffce18,49,Male,India
7f01f6d76d83163fc76d32e7d709806491d83f0f,26,Male,USA
7f38d84c09a4027602582056926075848eb99322,40,Female,Netherlands
81d5d5e3f866348e11589dc3daaaedd79c9019c8,63,Female,USA
829dfcf9f378375e10041513d399e88e0adc6310,21,Male,Argentina
834d5e1129ad197db4c1cdf433f53af6d7f4dbac,27,Male,India
83874d3fdd408a6122d4689691094667b1f7ae8c,46,Male,Canada
83adeb52da9f7121129b9265716736c13d911874,38,Female,Colombia
8428f3757ae45f59decd5ae496475a7b97bd4592,18,Female,Spain
865ca11f0a63cbc579c2dbcab2dfecf39630d4cf,23,Female,Canada
86c2d93de2fae6c0610e413a37bb00e609b0af8f,81,Female,Japan
8771a0a05441334f833a597b3a81c354bc7ad660,33,Male,Japan
87d8e9a267c713aeb309ac401aabe4aa5d2402f9,58,Female,Canada
89032cb727bcf19ec0f935d3a04641e8fdd0e250,51,Female,Japan
89e369f5bd83a9eadbb22d2854d09e537fbdf346,36,Female,Sweden
8ad538d8452370c3f9ee7756d3a7b5d5d8f94886,30,Male,Spain
8ae88ff1bcb3467cc693f731113660af720c8dd7,35,Male,France
8af87e3dfe482222cfe76b66a7eccd0510709350,21,Female,South Africa
8bc8c14b3588142c2f21d616bef42b69376421b6,38,Male,France
8d82d16ee957930a0ff40dac3bf7a2465dda2a1c,34,Male,France
8dc71dbecda52fd5d0b424fdd8b4ba816d79be4c,32,Female,USA
8df71600ba292e0ff4af89e65ee83ce0e7a11ed7,41,Female,Brazil
8e68424c18f8f45b2e917af6a16aba23cb21be08,37,Male,Germany
8f201d8d1efb6b788d11cd0af79d21f82ded4178,36,Male,Italy
8fa30e9cf3661a2d6b47f895c83dd1e1e768a1df,30,Male,UAE
8fa79cf14bb990b22aeb191d43e0c083cc710382,39,Male,France
90ef8a1fd46f26c424aed85469f85ec736727bec,48,Male,UK
922e361dc971fd54df04fceb6c65c9736a659fe0,19,Male,India
93ab00fa04a3c3dde3f031a49929bdc4d3b727b7,35,Male,Canada
956f0645e5d4cb18bdce39032055990befbc4602,30,Male,Spain
97683edece1c38f37c01486710239811ba0b039e,38,Male,South Africa
9b8fc360e44798ebfeece60c1185f57c1c6e276b,38,Female,Brazil
9c2fa815f21181ec316208902ce312237dec7f08,27,Male,USA
9ca2527a7a636fe5542e05fab3a3128683b0bdf3,43,Female,Colombia
9d3c0250477d4fbe2c96ff7f0b1ebc3e0709cac9,20,Male,USA
9dcec4ed82e430e662e5dae2d6faa6c8f1c8542c,28,Female,Poland
9deb832fa9eefa90837ce855ecce15d1e78b618a,46,Male,Canada
9e4985e99495529562485daaeef286dea58e1085,52,Male,Argentina
a14f27306549729701341293c20f89d74ebb30fc,33,Male,Japan
a225251a8c32d732d89de744f8a08c1d84753703,38,Male,USA
a25a352c4afff3a165a83a5cba9ec539f05185c0,44,Male,Spain
a3e1b88a50193572158a4877d41f29e0fc6acdbc,46,Female,Sweden
a4baed7c54bd1cd2f544fd6d58494c4601eeb9b4,21,Male,Netherlands
a4f8c543dae928e67d8bb4fb324ddaed14f928fc,39,Male,Canada
a56ce1921e94da25376e95605cc562520fcf75ce,58,Male,USA
a77adae0c8c619f9c42a8155f330bc23241cac8b,42,Male,Colombia
a7aae43c791e778ae019ed37910893cf02ff8782,28,Female,Spain
a7b51763fd0bbe6d327c451812f32a403efe6367,63,Female,Spain
aa412d47a6275ebcdd7bdc9262cc1bdadb722c30,43,Male,USA
aa493edc50bd46f4d9e9f336b32835d29f25e7a9,42,Female,USA
abbbbe5a23c074728740911353ab83e7b826446e,60,Male,Canada
ac25370d6fe393b864fe95dc99a55e7470e663a3,24,Male,USA
b06b132e44572cf672eeca88fbd4fa2ab5e2d044,52,Female,South Korea
b09d0a989229684542d4a27b0409f1f880e0c462,51,Female,Colombia
b1056cf69b93b4d53c8f134f9bfcca652b253436,40,Male,USA
b30f1a9a0d7934db876b452de50a38195322f743,27,Male,Canada
b3b0537bbeb2d983e3f8dd74d70f29a8732e6063,32,Male,Sweden
b48fd35a9c410a9f02f3b90b046b1a6c2c102a78,23,Female,Mexico
b52e1049bd069a051fc2d91a760e8993ca86b52e,32,Female,UAE
b6018484cb9f8b69a25b15558a4193349bd6e627,22,Male,Poland
b665704101478a67acc91fd383dd1a252530ca78,31,Female,USA
b722c5a67703d5240d263ec2579184f32c50a3b1,32,Female,Netherlands
b87b2a60dce3670378fec9d28f69bcc01b873899,38,Female,Japan
b8eed9812b1fc20ba8111c361792ddabe45d1b8c,35,Male,Argentina
b902827106ac6b47ab4601c877a9e85e1a3093a0,37,Male,Italy
b92a9c7607f759d2cb0a69d86444d10fb9ff1653,29,Female,USA
b94c9e0662d12cd94454611ff5cf97b3a287b237,43,Male,Poland
ba71d3bbd458a88e7074327035886dc85665f38d,22,Male,Canada
bb923004001e33a1b775c2e7ba5c501782f30b5f,38,Female,Chile
bcceace4747cdf74e4fc74d29b46465dc5cfbce1,51,Female,Argentina
bd6f2862438757580f0e547d6b2c122e693ee720,23,Male,Australia
bdad158cfff130dd80b52355d4276a5b01d5f6e3,42,Male,Australia
be8f468a247ad2d857590351107d84bfab283f63,53,Male,UAE
bec2d4d7b898d418feb24fe4fce7c37f9eac26c0,30,Male,Spain
befff293b15e6689b3c3133955b8efdedf628977,29,Male,USA
bf06a4c4862cdd3d169c93fbc2a67f7e3c065a91,20,Female,Canada
c086d90bf122c2b2e86e320e68c7c9ac555f921c,25,Male,France
c0bf85082989af6e82be58778b3cb2049e32320c,55,Female,USA
c1252d12383df8530ec21ba84bff634a4ed8bf0e,29,Female,Brazil
c2389e0e8940d62736a9051d2c0ed71d00cdf745,85,Male,Chile
c254c751e3e324a2d5078b5e07d281155766be70,23,Female,USA
c2f9ebc81f7c7f3c95febaca6f21549753d7379c,42,Female,Australia
c3746a0b969490707870bcad05b6c6c834e74d52,18,Female,Canada
c3a1e4ff71f8887bb1164b1fde295bf314a922c0,34,Male,Germany
c413a22977c6c53cd4904dbf45c846365a09f987,28,Female,South Africa
c511a1d42562e53f3608066aa1f88bfcf41db816,64,Male,South Korea
c5c4cd2d40fa9cc826ec284a8ef7a8bd580fdad4,57,Male,Netherlands
c6ad3f45678f930c8d7d0dc84fbd9f68b0f42fed,78,Female,Spain
c731ed4bb876aa20c6e97b04029e4c757cfb2075,48,Female,Colombia
c83941ebce1dc2e99623dfc9c7bf408c13e4450a,30,Male,USA
c955615cbf723ef6ee7c3857d0d164273359d4b1,49,Female,Mexico
c9db95547fc7cb3fe2b072251a1d598802c754b4,38,Male,Germany
ca5f6d555b2411c14c19ba18649088d6c9a5c006,48,Male,South Korea
cb948015e724193523b18540675f7f0c05b00e73,42,Female,UAE
cbde2e6c09995e1d40db10615cec0035724de1cb,27,Male,France
cbf1b1f551b36147087fe052ffb2b97e1c77b28c,61,Female,Netherlands
ceadf4a08d60424067ab580354897c49225f144e,45,Male,Spain
cec58ba479752e14943559750903792b71a01ebb,32,Female,Spain
cee402fdf7bf0d1ac69cb39cd6832e0528bf3bd8,47,Female,Canada
cee9693fae0e25bc437a2a2a6f010189836bd925,26,Male,Sweden
cf4cc7d32a70399e81817e8f016c113ffef9df20,30,Female,Canada
d16285c057fca13e7c654e36e59bbf3feb3511c7,19,Male,India
d2517faadab6c38ef4458dca8b7669cc94288e59,19,Male,USA
d50423b5a26e01ef5da8d7550a48c1af166099c4,22,Female,Brazil
d73787d44484673472b15dcde6c325a92b419bda,30,Male,Sweden
d845ec28d05973f5608539ce4bfb6cbaad925424,43,Male,Poland
d8a385c6e703705d0c84b8d98f81312cbe499605,27,Male,Canada
d9fd0a796b3c5bf131343b2bbd735c0859be3162,22,Female,Netherlands
dab2a112dfea7bf5b32bec7a666501940bb26715,25,Female,Canada
db36139f3b69679b723cc6fc41824a3443793232,63,Male,UAE
db7c5109fb19936ebb47ee5a1eed893b154796fa,32,Female,Argentina
dc6338a977c05ce56ee8950b8ea54988decbc3e3,43,Female,Italy
dfcd5ba8a1ac676f4f34864a50e27df3113e6cc0,29,Male,South Africa
e289f7b7769f50173d0d649e08169fcbc81135a1,21,Male,UK
e298a87da44e6ce6148cfed33f182e8928406232,37,Male,Brazil
e3c12cc060b6ca2f3e3e3816261a6a51faa1f64f,34,Male,USA
e59ba1f426afb53bf75e1efb05f997537afa8740,25,Female,Mexico
e5e4ee305fe975aed0ecfcf862eba09da7825847,39,Female,Sweden
e604c6b662540f2ab4e0a587167dc4a03d5bda2e,40,Female,Colombia
e67caee73df0dd19666d9e416488564a74c05b8a,29,Male,USA
e6e318bfa52d2e381f350b26224705d629c3cc18,40,Male,Mexico
e6fdf341634e68df338679b09937b67787485590,18,Male,Canada
e9924f94e5f5d24ab69345fb423076804bb3e8ed,64,Male,USA
ebf1203ff8f3f596a352b978e9cba9cb9d6a6b81,63,Male,Japan
ebf889d07d3d510797e9ca1539f6bfc13e45417a,42,Female,South Korea
ed824982bb5d17465708f5bfbd8589af81ad4de0,18,Male,Canada
f4239b35bb3bd3501fd736eb44e8a07d5ad30205,32,Male,South Korea
f45981a6aa0b4c62f9c6f831dcc458387377fe4c,32,Female,Colombia
f465e73a5fb88f3751cd5e655ec1d655db209cdf,25,Female,Canada
f51b20401c119409263fbb09200df6eda3bc5608,28,Female,Netherlands
f6035dd3e99c3f16be5502eb45b3f0c0b639609e,27,Male,Germany
f653821afcdcd10ab08204a383d81ec50915c8b3,50,Male,Poland
f711013ed3d1c4051d91fc5546d74252fdda3cba,20,Female,Canada
f9cde4980e0a394c1d6eafbae85eca919ae21f74,60,Male,Mexico
fc6c5d19eb6f89a187c8bdf6a5307edf41cb7cf9,20,Male,Poland
fd14b7a55a9a135850fc21dba587bffa1e97e70a,53,Female,Canada
ffafb661f46f2560d65d049ed12dc5a45b808b31,31,Male,Spain
26574a79ed839a6d8f9b75df59e4005d1bc15f4b,19,Male,Argentina
3a4b6341b63e6554fd79bcfc958cdf5202d5ec84,55,Male,Argentina
3f42160ad3d69a96ab363898e31ed15ef6f87efb,38,Female,Chile
3ff12a2e931b499f0fcd8d32caed31f71f106ec8,38,Male,France
7fa87bc223bdd256273a5cdf179c704dcdcaa78f,32,Male,Argentina
85b38c561c710e1489f439cb1580f88f22d0bc1b,75,Male,Canada
86ee41833c72479ea3b41761869d04c42c5758ab,96,Male,South Korea
c868a50859043805f513ce9ac0dec9cdaf1f9f9e,41,Male,South Korea
e55f7ecfe17e17b472b540d09fcb3724014bdf6d,24,Male,Canada
0031f529a372d3242de4bc47994bd434c81ce4f9,22,Male,USA
0a71eb93f0626d95a062c3cb163ad61da544d29b,30,Female,Colombia
0fccbb93d6f215ffab47749398d603097819fb8b,59,Male,Netherlands
1c47405cb493c053e5dce0c8b8524bd77b39af55,39,Male,Brazil
23ab2fc77474657fd63a82e5e96339b61aa646db,58,Male,Argentina
2b92387c42e927bba7346d6561acec5198bf8208,30,Female,South Korea
2c51deccf5eaa0a1714304586abf37050ce068a5,31,Female,Australia
2e74c834c94c614fce5bd64f7f87c382088e6d51,32,Male,Argentina
3272f1f190d102c90c5252276e4763252cfb5090,29,Male,Spain
3b2a61ee3f7dbe3bf00206a38cf0832028db1ed8,51,Female,USA
553f13a8ddae86d3f20021ef08eec077de54a897,38,Female,Chile
5683dc82d9dea1d144810afafc6b9783e699731b,36,Female,Netherlands
5a739a3ea58b6ae8a6543bf6e1cdfc2e6980fec0,37,Male,Canada
5fb7e69c8ca1c7486d08d34845e2b3ee8bc2dfdf,30,Female,Canada
7e334cf4eb8749dbb2d1c935c0a64942c48a5128,27,Female,Poland
8109a3d1eba1729266f7c624e49109a7c989593c,32,Male,South Africa
8b6c28d8404ea03c0f85e28317e05bbac38540f2,43,Female,USA
90e66f8e2cb3fb2dd908a413086614f756d2e10f,35,Male,Canada
971ddae90ebe8ba30513724a53f6cadc7c7b2610,40,Female,Germany
9830fbbe7adff1c494070ee72bf1d6f209d3be4d,26,Male,USA
a651d24a35530b10d4f65be63132064d4613fe15,37,Male,Argentina
aafc534488a08b78eed18cc4a87e6070f1475e65,29,Female,Italy
ba33ba08dd16a257a854823f5b4b79af9a951ed9,48,Male,Japan
c1c3762dc362992cb563933f3cb1a4a549546d9f,39,Female,USA
d471607b5a07ef401b9f9df06b8af7215f575467,41,Male,Italy
e4e97246f4c6b584211f38f7ad3496a2dd86fba2,63,Female,Mexico
f450cc942e589dc9246e2b520e35c1115b0b5d22,47,Female,Japan
f9cac9358b892d976467cf3ad58465f68f95510f,47,Male,South Africa
fbaaa7541caf2a2e12e56baacdf99c4e79d69f9d,45,Male,Mexico
fe9d135e9c548fb97bb47d9b6fb8b970140d7619,58,Female,USA
2df16a5956dc4d90f6b1dd0aab3b345d3eae600f,27,Female,France
30cacda280791ada7f61630c910d0d0dc6c8f0d8,36,Female,USA
8330a6575df22c5f923131c7486c9f178783c81d,35,Female,France
baaf11b7d507b31498dbcb1669b3e71348db91a2,47,Male,Netherlands
f2dd6e01cbc98979e50ae4c80d6eae8b764edb42,23,Male,Sweden
95ad3aa3e4cfb4928950c0e6e0c19ba12c5160e2,18,Female,USA
2d44d94079448e858fc19b39d1ba2350e62c25ce,42,Female,USA
8c81cc47a4c1fc5aee17ce290a799005656ee354,99,Female,Colombia
938ececa4feb3d43d696f380311ba03fa05c0a1e,60,Female,Poland
40ae4516081c27b50102aa9bf998c8d1e481eec3,49,Male,Colombia
7c200d4823afd3c115bceffd88509e34600c99f5,38,Male,Canada
87753ca95fd617e264d20c2883670f0df2de1193,38,Male,France
9480c4598d34899ee70a5a3624396f8e7efb5502,29,Male,Argentina
b9b14c9e5f188876555c7d39071bb4a99a17e0ac,40,Female,France
e291a8c1ab55d1d82b7c1f2102cee819462a8754,28,Male,Canada
07a0b1e7f124825e22c32c4cb793d76483f13909,18,Male,UK
26fdea838a04f32b25deac59534c1ff43f238ce5,62,Female,USA
6b3773f3e47f4a31145a86f332d1f92692e9d70f,27,Female,UK
81e0b2bc3604e2648245337cd3e3a14b479e60e8,60,Male,Colombia
cc4366896c4dcaffcd5cd1d835e88357948925ca,41,Male,USA
d7ed8013eec686ab141ef0f2e6e99442b5dc1317,36,Male,USA
1ae08b6e6fb78251d12f38604e733d8d1c89ff0d,39,Female,Germany
49e9b1e4efe5997034bb8719bb9db8c3f8062655,21,Male,India
e48a0f63b7ed11f924ab77361e1d0d79c3618345,36,Male,Spain
550787ed0ca1b3e69d7506eaaa9710a4749ba5e2,43,Male,Netherlands
9ccc11c32d01de042680e7de2ac0e39b7c48077a,79,Male,Mexico
cef6bcf86b55c86a923d120e176a69472ff689f7,24,Female,Canada
d6df83949bd0f145f6c8c75a88793e70fd0de167,36,Female,France
ee894f5b4b2f7b81e98f22cfafc2b77f88142fdc,26,Male,UK
2d46d8e381cc32dac54992283fa339ad8b1ca495,29,Male,Italy
700533a5fcf9dc41c44042720c05d1c0134c0d05,34,Male,France
85ba68afa5cce5d845288961e8cc5e705a597c8f,64,Female,France
fbfeb08927178de2bdb96672b9242da43dedfeed,29,Male,Sweden
6596fdef41d7bc2c65652b0092cf91607c9e2d31,33,Female,USA
d31812bf2d7d912deeddab6777528ba16af64a25,20,Female,Chile
e470607f549cab655b3b3d40ff6943aeff122083,32,Female,South Africa
bc78f8efba727cf035c0db61a7fb564847ee3bfd,36,Female,Canada
4f24c08683454cd0da43e9f7f502c8b0ecbd6af4,22,Female,Japan
e40f2aee2dce02e0730a1c572cd932b8f06d528a,42,Male,Sweden
40aeaae6b4f3a892bb1110b89f60fd199ce6c684,37,Male,Chile
483dd9e8b9d7d209422de2a720c368cedade9067,30,Female,Colombia
61909da5ee589a03815fb304a06560bb26c6963d,44,Male,India
63ada0e4615f55d90e6f626b71aded1a46813dbd,29,Male,Canada
6ad42b4369f89c515eb7c4cd9702e4531bbadda2,20,Female,Sweden
847df5f5335d462aa545eed89eb65ad23a299454,26,Male,Australia
8cfb1dd2e45676756bc3733f0fac18a410897298,31,Female,Italy
9f54c0965a9cdb020bb35232abf4c28177555743,58,Female,USA
a1ae71ae98b0ce8e4e39ffecd8d710e3602a495b,52,Female,South Africa
a34f7fb04384043c0036509223b0352ca9db5140,39,Male,Sweden
a5013de8ce3c36fb7eb3dad37502b908195fd1fb,52,Male,Sweden
a564062798318d0dbe6135fb5f2536f86259a533,52,Female,Chile
a92cb683372f3cb7a3c0020964b558967006caf1,44,Male,South Korea
aa56c9858faa35894ea8ca2d272daf67177122ac,19,Male,Australia
b47271c79943a71c1e6f7865eebd3e03d8646732,25,Female,Canada
bf01222fb6fe77997b1dd5a479f27d75dc86ebbf,34,Female,Canada
c01346d89696f3eb41131a9d28c55b28712b4e44,27,Female,Canada
d5a3f1dbce41f60e85dacb598612ca5dc22524b0,27,Female,Poland
dee6a1aceeab8bc3c2f7ce9126583a54e9ec7def,32,Male,India
f91515451a72d75c6e7db8be44aa1ee71cce08d6,29,Female,Sweden
ffbc886f480f3a8b766deb74f2271719e523c508,21,Female,USA
f7fc3dc0deb5bf251ba57f4056c7294732576dea,43,Male,USA
1d03a819932e77eedb71a4cec610fc7c9381d403,34,Male,Netherlands
9550d81a8588c8546e1c6e1ef84f9e6c6b44cfb1,54,Male,France
f289aa245a3159680f2ee1d9a079a272b4af13b4,40,Male,Australia
0b83e4515c586c2a8e483d529043c4735e59d35a,36,Male,Mexico
f7c30703ff3be72d9b71c36b3aaa6d1bece41bcc,49,Male,Italy
55c5bff16f41e07cc05b0e61b766a01ca7de24d9,61,Male,France
9ead24c7c3c41b6eb0493b95c3714070d7d9d347,49,Female,UAE
a227e1c547f0e24d63ff401b4fdc33a8bd318532,33,Female,Argentina
b0eff86a0db754f2e896d45b713e872d417ac321,20,Male,Argentina
0af44bd32670a572f0b9bbd6c579b8337330231a,19,Female,UK
12db9d6432d86b455e461c2df05aecb9ed674cc4,46,Male,Canada
17b4c54ba4ea8b4ea04023e7ee2b22fc47325378,44,Male,Argentina
3280d061811c022b4a8aff2fabaec389380f8344,46,Male,South Korea
377a6bcf740eee5b4b5e104f9b25983ac524b77d,39,Male,USA
42b444c31a426d59e9761e2a61afbdd278c02b58,50,Male,Spain
546e3565ce54f451c3bc9d91551f11fce622f0a1,42,Female,Brazil
6258c9fc996acc0c61162c169ec65a9f2c5b35ae,19,Male,Spain
7ab06b12ffd7d8a3a8969b2eb7e53e8ea02ddada,20,Male,UK
8508d62e57e13436ed4ab8d28491ce00d19a6a6d,100,Male,UK
9d272c56b1eaeccd1ae609b651c19e64c14b6459,49,Male,Netherlands
be2e445b9b63c12b5586098d6d21b96340b8c196,58,Male,UK
659846e14d7b876d211442c0967b8ff36511a2f9,22,Female,Sweden
81b5d14a3c422d624ac69a4be8434ae75a43f53d,46,Male,Canada
8f16d72ae466748c01b0bb88524bec7bd7580b8a,36,Male,Sweden
004fcdf8829d68f4e45ef846ad9f308c4493ed8e,31,Male,Sweden
0559a93423eeff6d467ddf13daeb22f8f60f520b,32,Male,Japan
059e37d0262997d7575386001e6930c9ca561dfe,26,Male,USA
085e65106f3839bb4c9538b4b5fd24eca2342fff,58,Female,Poland
09775ce1e74b6d9b47df26c0484c78717ea622f8,33,Male,Japan
0a1f8d4d89fab26b6254f285b23bf90f0b00d1e0,33,Male,South Africa
0b762b575b88d64d135f9e8364afec121f1bd560,35,Female,France
0b8d4efca55f93d1d700bdae04ca29b6be3cc412,34,Male,Spain
0ba699f2033b89ad18669eeec195006eb1f5805a,84,Female,Netherlands
0d30d5eac0ac1d6fab31bd3f1b3f8c2f7b079343,25,Female,Mexico
0df6bdf1873e7c57795d0ae9e8aed96d0ac62faf,46,Male,Germany
0f3d66498663145086cf49c253482909f3ee9c5c,31,Female,Canada
0f8ab56d6a62e1b316783ce9ab6277d3d7d240ee,51,Male,USA
0ff4ed8157ce3103cd4197d4e5ede3ae92761c1a,56,Male,Canada
100b504bd820c36ae737c8e66a85884ce1325b08,44,Female,Spain
1086bf0fdf1875a9b8afece8c539b68d1527aa39,48,Female,Canada
122e76293e66924a528cf295563681cd099549c1,95,Female,South Africa
15627ee0c9336f7e0b5b6a3e0d10f4d02510b319,51,Male,South Korea
164be34875255233ee1d25676c53ec21d38ce82a,42,Female,Japan
166767a17ade7a18bf8670fe86f3f8cd00d1f25b,24,Female,Canada
1712e02fb2df15a6a0e8eb40e0cb7afa5717c147,64,Female,Mexico
17f33bc146ed0d38e4ad882df7f76dd1f0eb66f7,23,Female,Spain
189c2949565fc1ccdd57ce9aff720d667f4c02ed,26,Male,Canada
18b27435d0d3ee50dc36697efbd4fc5ca50e57d0,46,Male,UAE
195b43c730b957c2820ece525537df4d6b30e265,25,Female,USA
1b403eca35d6351057949f9449375766d328d7a0,48,Female,Canada
1c9771cb319727616558278b39420b559f657432,22,Female,Chile
1fc3165a44adcfcedbf727355a397b66c97fff9d,31,Female,UK
20f98affb13c21510f7a12d0fcb099c452c34a83,35,Male,USA
21f554b97b611f50f98260704bc5970f5a72b926,63,Male,Spain
2804bef281dabd3ed7a1dff17283b0a698ccd977,25,Male,Poland
28fc162a5cb177e35fd004d6606e46a1543ec39c,99,Female,USA
29adea969d8d52c04e6ffd5cc5dc55f70229d7f8,35,Male,Germany
2a1afa0db00dca3b93c09981aa900b041c9e4fe6,53,Female,Canada
313d80f707cf79449995f459f405cfe00ea9e383,61,Male,Canada
35f4ed476949dcf11b9bd7bd286d4e7f6a881246,39,Female,USA
36521f432de6d76acd26adb8fbaa55b980234af9,30,Male,USA
36ba264b39035995d444f6f8381c5871a8b7b548,56,Male,UK
3758c935150bc0d0f172ba89656ba0f7cafc651f,28,Male,Spain
37a70526726143643419fb7ce68e160bac9a2059,25,Male,Italy
38cbc6c727d56a4ab86ab70b9e5188a04b8430df,25,Male,South Africa
38e2f6cc3b6687614347debeea7ff4dd60a73879,29,Male,Netherlands
39a1e509d3d32a7422342d4b38125407357949dc,30,Male,Chile
3b7cb40cb11553cd587681d9ee4a63f7ba4e42bc,18,Male,Mexico
3eaf45fced9437b7f44a071d2ced906b23c3a2c7,27,Male,USA
3f51e7d163d20ac3dffc91d17446dff947719425,61,Male,USA
3fc95bb9bdc60346cec8e2c4e458618b0ee4582c,29,Male,USA
40a6e91b0bd04b024e800002afe24a8773e4344e,19,Female,Canada
469e560ec97a6a38b4d3a57ccec5c4a355c2365e,24,Male,South Africa
4a19f959c22932553ab979e8a36e2403897529ac,29,Male,Canada
4b6cfddd26e5d4eeefe6a8e48760c2ed4cebeb3a,65,Male,Argentina
4e7eab121f3ec1e3c5aa866a76d6529c456d51b5,22,Female,USA
4f2fce89da84d047752a2225850f185755586e9e,90,Female,Brazil
52872e21dfff40858637f05b12c29cdd0294939d,42,Male,Sweden
595d32e50fe8fbaf4b68d829b7526628e4c47a5a,28,Male,Argentina
59739070288249bae676e4ce2c5f2d4bafa26450,59,Female,Australia
5b4392432c91b7a0fbd8cb6db626661209fb473e,33,Female,Colombia
5bca725d6add7304e05c0aa3dd40c0c3ac335440,26,Female,Mexico
5cfbbb131917bca002bec013132d2a22a15d54d3,31,Female,Italy
5e0db8cef3c4eff87c8b364c3b4b0898dda8be57,23,Female,Japan
5e984e36f705d8654d86ae0fed9161236be30315,25,Female,UK
5edafc3d8282e6efa367853605c0197dfbcf58d4,51,Male,Canada
5f397bcac4d9464b2b65cb1d5b881ae3044235db,23,Female,Colombia
622c4244cb112c6b839b6cfe25e6490cf6922a9d,31,Male,Germany
62accffb15a0c675548dad49a514a7aa50d7a1df,25,Female,Mexico
659bfdaac0af0c0f6360d5f56f504f0fed1d44c4,39,Male,India
665a8652f67588ecff6bf74c1248afa7a1cac690,36,Male,Australia
66e70d537b0cc1b7999b4be99eb267168d318cbe,21,Female,Sweden
6a359c5e0ea776393131de66ad89e7a14cb687c7,21,Male,USA
6adaee080697c0cb5e40a798a1b4bc29154ea863,62,Female,USA
6b8fdc95854249a38f292e4f640bdca3933c7cd4,25,Male,Sweden
6c25f960ce750bc9ec2cbd1a686d67ec6a0f4ce8,33,Female,USA
6d479d832b6e266f8da2e518ca3cb0629a341712,18,Male,USA
6fdcec3a2dcc66af04fdc48f6244128328926700,56,Female,USA
6fe28d5bf6fc8988b67b53e94d6b806e751b0914,26,Male,Mexico
70985612951c74ed7174e096e46ab4bf36667e66,48,Male,Sweden
71065fef74d62cd6d045e771b77a2f8f5e4a29b3,18,Female,Canada
72199a2d131e805fda64afde01e0cbc31b57547b,18,Female,Sweden
7bc38cbdb6b4903af04650337079c6e8482bad25,25,Male,Colombia
7ded3f606c56b37fd65311dd01962d6d55a42815,27,Male,Canada
80dc0aab436c142f4fc307246cbac3debc3fb330,23,Female,USA
82a40415e7bcc8a0c72a7d8c1165df76d36bf82d,38,Male,Netherlands
82d0453e0414f6254391b6f13932ad2d069b559f,30,Female,Chile
84f18924982f3f4401f3714bb003097936452fef,36,Male,Canada
857842b72a220bfa6f41287b3c651916cefb035d,43,Male,Canada
85bc981154e1f17b3d50b0573e1142aebec5b777,18,Male,USA
8990b607edbecdb9d3d440aa743773350e631796,35,Female,USA
8c7d995437ac9cb86a0ef63f7eaae8685d1b7972,20,Male,Italy
8d1041246126497f535bb1eba3c4a0e9ec92b0e8,25,Male,Canada
8d49afac955b5f84c6a754b10a908db767a8c1a3,56,Male,Germany
8daea3246aa521917c0e0caeb66d875155c51bce,45,Female,USA
933ddbd017d8361eed72bfb7e587639245c18184,61,Female,Brazil
94b75e0e34a61d2297ea9806a937532651596876,30,Male,Argentina
961b3377208831fd56181cf268196e62b59a96fe,22,Female,France
9622df20cc240f7e0510749a703be374a6709f97,75,Female,Chile
9899ba041daf315da17fe02028796a415101c380,40,Female,USA
99dd7a937a6758c1d7d391b5e39b030b28ed62b6,23,Female,Poland
99e01a89ca54a1404446c1124b0cc72bcda1347e,38,Female,UK
9b0b09c2a486947a14a658361d5cbecb5681a726,26,Male,Sweden
9b10b2b6cda6fbf7ea77477e7fc2d65e7c8dd02f,43,Female,USA
9b42a176653178e0aa89282dabe61bb524181754,38,Female,Chile
9d83e6695968ad88ca15ad10ef1ad78a202bdf54,27,Male,Canada
9dd16c524c232724036e1786b9b618b205aa7e53,95,Male,Canada
9e69fd8772fb86ec19787708e9606fe1dc443c28,32,Male,Canada
9ec79d481e9b58df48f7f5bd150652cc7e934ab2,29,Female,Italy
a3d91ab48230c1bbaeac89b94e172363689ee2d0,24,Male,France
a3dba6ace8c8061bff1702e52ce03602b16c3c1c,19,Female,France
a5818d3519727145b05eab6caa2259aedadac3c3,18,Male,USA
a5f80ff4826858d6f5cf78dbbc4fa5d090736e51,22,Female,Italy
a6e0e491482a56f8f181e359a6804d139b2c8b12,19,Female,Italy
a79c7a6817d699ddd592f5494147dbec6453e323,37,Male,Canada
a86702ef29a3502a7956ec834794d8f39e3d8b82,42,Female,Spain
a9d88798a16a3f17517bc0447bd8b8f3012bd65c,26,Male,USA
aa28abbb5c4189b696cb6762739a395f8fcfe658,42,Male,Canada
aac2007937614514c2a957789f78cc4af9005367,23,Male,USA
ad23963fdd4fab9f9f3222655f3e35f5433e168d,27,Male,UAE
ada71f77e3906b0bab056ce23547027d5bbdee23,27,Male,Germany
ae42a8f9f1cb07d96266c53c64883bed1f2658f9,40,Male,India
b2d9ff2497e6e326a24b2e58c93e9e87000fb126,20,Male,Chile
b301736006694eb3092e0af06a748987a9046501,67,Female,Mexico
b5254022232787f9124022d7b58eafaa7048660d,93,Female,Italy
b94c04f29abf4fa391dcd1e30c749c8507b93fac,19,Male,Canada
ba8db8ffb9bdfc6fce6b0d7aa344cbeeb80a11dc,34,Female,Colombia
bc0f4c74e32cab5b2baaf8748f06f34876abbc61,31,Male,USA
bc695730eb5034a09932a0409193356cec851d39,29,Male,USA
be0a4b64e9689c46e94b5a9a9c7910ee61aeb16f,39,Male,UK
be23b7626bb9367de525e76cfdbe0f96f9171a79,58,Male,France
be604c72d85c009a1b78c0f648dcf48c01acef5e,22,Male,Colombia
c152d560950beee91a974f0b0c994917d4ba08ce,43,Male,Italy
c212df63ce7ec02c5254d0107e599905bf3b9d34,38,Female,USA
c744b755f3dd968bb5de17d81c6a43d46b2bf504,43,Female,USA
c7ca3fe8faae587c5cf8401d2bbdc4560b230704,28,Male,USA
cde66740af76dec120e5fff50af3bec01fd743bb,31,Male,Canada
ce644f7c1917678fffddc40bc8dcefa945a4ebca,27,Male,Germany
cf6fb6d37bcb9ce18112d7a55ce43b3f1eda1111,23,Female,India
d0282655a4be7605bd8a37cf9a44b971f4ef1b70,31,Male,USA
d089e1c5e1f5616ea9d4e775a54ca5c824db3915,27,Male,Canada
d1309056df16e192f8951dd388a68e0c90e5e470,69,Male,USA
d49c7b2de46ace4c120f07c644b889cb7651cbc9,25,Female,UAE
d70a1368d2fd2d72f0daf233647d89bad174cbfa,22,Female,Sweden
d90cba42ae68403a668493ce41f04f425215d5cc,31,Male,Netherlands
dadfb4fc7e4ba9ec3733e14eace112e5381ae58c,46,Female,Sweden
daf4a3ba0b41a00d1864155d8dd0ef40bb3af7b2,30,Male,Sweden
de16f10dacd2ef6f1ab2ade445fda76fed7301da,30,Male,Sweden
e1aebc0f7457b26264c11ec7cff5ba659bef7401,33,Female,Netherlands
e6b513f441d9d784a36969658967cca4b34e8cd6,36,Male,Italy
e9cc4232efc8baa15f68082d5b986010a94cc3ea,25,Male,South Africa
ea177826888ff1c09cd7adcde9300f926d6da8e5,27,Female,Spain
ea951205f3a251fc8b38b7f4db0b521959c8f048,42,Male,UK
eb036444980479307c46f668a348657993f9f3ba,34,Female,Canada
ec4ea81d97bad30b2a01556409fefd3beed0ecd5,25,Male,Canada
f0d15f6952563831b2e374a4372dcce430070cee,48,Female,Chile
f159d918e039331c41b7e901476ea6b10b32f1bf,43,Male,France
f188c96cb677dd656783facd2754d3fa3e70c1d7,84,Female,USA
f242226e4c43bcfb44dfb761c2355cbd88844334,18,Male,Canada
f3a4d15f5eaed081d52ddbea996fa619e976a971,23,Male,Poland
f506e1bc1110199b28f158c689c5c45283417b20,34,Male,Mexico
f53fa496a3efb203a296490fe92eb6b0584518bf,40,Male,UAE
f6ad974522bbb80a0943dd5fb6949e5a3202a7cf,43,Female,France
f6e9aaae48b155de31e3d76a639bd2510c97d407,44,Female,Sweden
f8119f95f48ff32c5253bfbb58d60284ac58c2b6,30,Male,Germany
f897d5b27446745d6f9614397bb7f98b8fb08a21,34,Female,Mexico
fa0b9e2f65513d2732e74e690447ebe0e3dd35d6,25,Female,Netherlands
fd6c8e35d1cc377caeb2ca93fa33b5eaf86636e1,26,Female,Japan
fe4ff4b8b96f907e4d7e1d1f9fe369a2a137a0b2,59,Male,USA
ff19a36650f71a98c8d5a95f3370a81efcf3f8b2,25,Male,UK
ff4731bf62050c33ca27d9762e87d23020729d34,28,Female,Italy
010f4861d9cee18c6e11305abcb4abade356a326,30,Female,Brazil
13a166408bc25b0c95dadabb7c4df1739983d6f2,31,Male,Canada
d2be744f6ab6f749572a71fe3fa87dca95bc55f0,98,Male,Sweden
0641722c62a8049d7ffd158612364bba6d3f314d,35,Female,Canada
0b2d57b1ca730916b05f7fcc7486a429f3cbd991,37,Female,USA
9b1a7add5e040a30be5170cf45a5ed524e9583a9,26,Female,France
fba424492877e3a721649699f9b34f76ba8a898f,30,Male,Canada
9fb63c071991429075bb043a86e6a40f3782d845,34,Male,Spain
1fdfc3656433eee3a3a55a485e8453d6673b1b0d,38,Female,Netherlands
724790421f2671ba865ed5da1e610286ec6ecc78,32,Female,Spain
33bc4f506dae0757ee740d8e51aaf7d47b0458e9,23,Female,Sweden
8af10b5b253fe5c05322162c17355772a8655740,64,Male,Chile
eb60ccd1ef50cc8b43f7fc3cafa5a2b17e6fb2c7,34,Female,Netherlands
f1af54fca415388bded6b05bbdfd4d91ca809a9f,42,Male,Brazil
ffbbef33c8d212e9c6c2b0b5911280bef0f6e507,42,Female,India
f3c09c853b7be56066e3d8445f98d96e4da4c78e,23,Male,South Korea
1e0ad02baacd602bf62ead45188ae8f77839768e,44,Male,USA
5a53d31e3cc8aa456bc0e8a3cbae02b719950139,25,Female,USA
633745691867e9aea81ba715868052c0bbc7c957,30,Female,Colombia
b06de51c1bd2cd9b23ce96227c924086ab4b7531,38,Female,Spain
c6ba8701f7e89a6c80937b169938b1bc82c378f4,27,Female,Australia
ce3d2fb7a99d04070ccca6326a9913c021f840d2,40,Male,USA
7f1a5f05dd3d3d6c99a72d0cb507e97c285a714f,23,Male,Italy
aea6599532df3ee30460917c6f0a5375cf852751,28,Female,Netherlands
0ffa633c7c6452c1c6bee0aea9ee889ab248d22f,19,Female,Chile
45b943959cb2ab15e499e46448e9582c5170212c,86,Male,Colombia
e8de4e8fce72dffccb74734f4c396e7862ad1bf3,33,Female,Australia
5aefdc6049c933fdd99fefe2e27b98439f6bf3a7,24,Male,USA
3f681aa2a73394a6cdf28a6e80e110083d7782e5,37,Male,Germany
46c7a31c55cc6e155c110605a6a5804cce9da4c2,43,Male,Brazil
6ce0bfd1eaade4c5edc2d7423b6d12ea46d30510,58,Female,Canada
00679ddee7bc6bd5258132721435eb00faded9a8,35,Male,France
0407de29f2771d3fc87939230a4b2720a4657fae,25,Female,Italy
0728d93aff851df2103e9490533ced4d5e5b640d,34,Female,Argentina
0d9d867a187fea6e27926bb3f345c45725356f6d,18,Female,Argentina
0f007cb4ca7f3365e63490d2f2b1e9836b390bb0,47,Male,Italy
129290b6ea25c3d5c52c3b314d7273ca16e767ee,29,Female,Germany
14441790d594a07a3912738dd0b1801b149d6e89,22,Male,UAE
1c990cbe1831b94e2f0abeb537f60c3a9f24e73b,26,Female,Spain
22a0d1339e436db84d25ed1980edde6939ab794b,33,Male,Sweden
2b53d6a21fbf7b51d44ca72984b9a5de59c7d859,20,Female,Canada
326d1a690aaef0ffd5c4bbfacbeea1bd1cfa5247,31,Female,Australia
32ad3fb30ba1ae8868bcf65c3e6dc2d53559d05b,31,Male,UAE
333566f9e1a11bf16ac1c2cc1cc28e7c23772929,29,Female,Brazil
33cbb75292b0c2c288086c632e1fe23c9f95b165,22,Female,India
348b9b4f631beac275b7ff8bd8b95a10d4f40c76,20,Male,Brazil
34bbeacf98b57fe6c6fb9ab9e03cb749e83c9bc3,27,Male,France
36b3633adc36ce4e2efce5fe35ef8a16a0beadf3,35,Male,USA
3e3c217ea3837dc4ad6dc0ef8aee21b6a5f9e25d,39,Female,South Korea
3fa3a4f5b58da9aeeb93f663bdd73a580918c13f,31,Female,Japan
3fd7104267eea8bc1ac309e25f10c59b71697e47,62,Female,USA
